/*
SQLyog Ultimate v11.3 (32 bit)
MySQL - 5.5.37 : Database - pro
*********************************************************************
*/

/*!40101 SET NAMES utf8 */;

/*!40101 SET SQL_MODE=''*/;

/*!40014 SET @OLD_UNIQUE_CHECKS=@@UNIQUE_CHECKS, UNIQUE_CHECKS=0 */;
/*!40101 SET @OLD_SQL_MODE=@@SQL_MODE, SQL_MODE='NO_AUTO_VALUE_ON_ZERO' */;
/*!40111 SET @OLD_SQL_NOTES=@@SQL_NOTES, SQL_NOTES=0 */;
/*Table structure for table `s_resource` */

CREATE TABLE `s_resource` (
  `resource_id` int(11) NOT NULL AUTO_INCREMENT,
  `resource_name` varchar(32) DEFAULT NULL,
  `type` int(11) DEFAULT '0' COMMENT '0:模块 1：导航菜单 2:按钮操的',
  `parent_id` int(11) DEFAULT NULL,
  `icon` varchar(32) DEFAULT 'icon',
  `sort` int(11) DEFAULT '0',
  `state` int(11) DEFAULT '0',
  `create_time` datetime NOT NULL,
  `update_time` datetime NOT NULL,
  `url` varchar(255) DEFAULT NULL,
  `target` varchar(255) DEFAULT NULL,
  PRIMARY KEY (`resource_id`)
) ENGINE=InnoDB AUTO_INCREMENT=33 DEFAULT CHARSET=utf8;

/*Data for the table `s_resource` */

insert  into `s_resource`(`resource_id`,`resource_name`,`type`,`parent_id`,`icon`,`sort`,`state`,`create_time`,`update_time`,`url`,`target`) values (1,'系统管理模块',0,NULL,'icon-sys',0,0,'2015-05-05 09:34:16','2015-05-05 09:34:16','/admin/index.mvc',NULL),(2,'用户管理',1,1,'icon-users',0,0,'2015-04-20 10:38:21','2015-04-20 10:37:10','/admin/user/index.mvc',NULL),(3,'角色管理',1,1,'icon-role',0,0,'2015-04-20 10:41:34','2015-04-20 10:37:10','/admin/role/index.mvc',NULL),(4,'权限管理',1,1,'icon-set',0,0,'2015-04-20 10:41:35','2015-04-20 10:37:10','/admin/resource/index.mvc',NULL),(5,'新增用户',2,2,'icon',0,0,'2015-04-23 16:47:34','2015-04-23 16:47:37','/admin/user/addUser.mvc',NULL),(6,'修改用户',2,2,'icon',0,0,'2015-04-23 16:48:12','2015-04-23 16:48:14','/admin/user/editUser.mvc',NULL),(7,'删除用户',2,2,'icon',0,1,'2015-05-05 09:50:21','2015-05-05 09:50:21','/admin/user/deleteUser.mvc',NULL),(8,'设置用户角色',2,2,'icon',0,0,'2015-05-05 09:50:56','2015-05-05 09:50:56','/admin/user/settingRole.mvc',NULL),(9,'新增角色',2,3,'icon',0,0,'2015-04-27 15:53:58','2015-04-27 15:53:33','/admin/role/addRole.mvc',NULL),(10,'修改角色',2,3,'icon',0,0,'2015-04-27 15:54:35','2015-04-27 15:54:14','/admin/role/editRole.mvc',NULL),(11,'删除角色',2,3,'icon',0,1,'2015-05-05 09:51:03','2015-05-05 09:51:03','/admin/role/deleteRole.mvc',NULL),(12,'角色授权',2,3,'icon',0,0,'2015-04-27 15:55:38','2015-04-27 15:55:17','/admin/role/roleAuthorize.mvc',NULL),(13,'博客系统模块',0,NULL,'icon-sys',0,0,'2015-05-05 09:34:00','2015-05-05 09:34:00','/admin/index.mvc',NULL),(17,'新建博客',0,20,'icon',0,0,'2015-05-05 09:35:18','2015-05-05 09:35:18','/blog/newBlog.mvc',NULL),(18,'编辑博客',0,20,'icon',0,0,'2015-05-05 09:35:32','2015-05-05 09:35:32','/blog/editBlog.mvc',NULL),(19,'删除博客',0,20,'icon',0,0,'2015-05-05 09:35:25','2015-05-05 09:35:25','/blog/deleteBlog.mvc',NULL),(20,'个人博客',1,13,'icon',0,0,'2015-05-18 13:59:00','2015-05-05 09:35:10','/blog/index.mvc',NULL),(21,'新增权限资源',0,4,'icon',0,0,'2015-05-05 09:49:25','2015-05-05 09:49:25','/admin/resource/addResource.mvc',NULL),(22,'修改权限资源',0,4,'icon',0,0,'2015-05-05 09:50:02','2015-05-05 09:50:02','/admin/resource/editResource.mvc',NULL),(23,'网站内容管理',0,NULL,'icon',0,0,'2015-05-26 14:31:03','2015-05-26 14:31:03','/admin/index.do',NULL),(24,'轮播图管理',1,23,'icon',0,0,'2015-05-18 13:17:45','2015-05-18 13:17:45','/admin/carousel/index.do',NULL),(25,'文章管理',1,23,'icon',0,0,'2015-05-18 13:17:58','2015-05-18 13:17:58','/admin/article/index.do',NULL),(26,'产品展示管理',1,23,'icon',0,0,'2015-05-18 14:53:02','2015-05-18 14:53:02','/admin/product/index.mvc',NULL),(27,'新增轮播图',2,24,'icon',0,0,'2015-06-02 13:44:06','2015-06-02 13:44:09','/admin/carousel/saveCarousel.mvc',NULL),(28,'修改轮播图',2,24,'icon',0,0,'2015-06-02 13:44:55','2015-06-02 13:44:58','/admin/carousel/updateCarousel.mvc',NULL),(29,'新增文章',2,25,'icon',0,0,'2015-06-02 13:45:50','2015-06-02 13:45:52','/admin/article/saveArticle.mvc',NULL),(30,'修改文章',2,25,'icon',0,0,'2015-06-02 13:46:38','2015-06-02 13:46:41','/admin/article/updateArticle.mvc',NULL),(31,'新增产品',2,26,'icon',0,0,'2015-06-02 13:51:09','2015-06-02 13:51:11','/admin/product/saveProduct.mvc',NULL),(32,'修改产品',2,26,'icon',0,0,'2015-06-02 13:51:45','2015-06-02 13:51:48','/admin/product/updateProduct.mvc',NULL);

/*Table structure for table `s_role` */

CREATE TABLE `s_role` (
  `role_id` int(11) NOT NULL AUTO_INCREMENT COMMENT '主键',
  `role_name` varchar(32) DEFAULT '未定义角色' COMMENT '角色名称',
  `state` int(11) DEFAULT '0' COMMENT '状态',
  `des` varchar(50) DEFAULT NULL COMMENT '描述',
  `create_time` timestamp NULL DEFAULT NULL COMMENT '创建时间',
  `update_time` timestamp NULL DEFAULT NULL COMMENT '更新时间',
  PRIMARY KEY (`role_id`)
) ENGINE=InnoDB AUTO_INCREMENT=3 DEFAULT CHARSET=utf8;

/*Data for the table `s_role` */

insert  into `s_role`(`role_id`,`role_name`,`state`,`des`,`create_time`,`update_time`) values (1,'超级管理员',0,'我是超级管理员','2015-04-28 11:26:24','2015-04-28 11:26:29'),(2,'管理员',0,'管理员，拥有一般的权限','2015-04-28 11:26:32','2015-06-02 13:10:39');

/*Table structure for table `s_role_resource` */

CREATE TABLE `s_role_resource` (
  `id` int(11) NOT NULL AUTO_INCREMENT,
  `role_id` int(11) DEFAULT NULL,
  `resource_id` int(11) DEFAULT NULL,
  PRIMARY KEY (`id`),
  KEY `role_id` (`role_id`),
  KEY `resource_id` (`resource_id`)
) ENGINE=InnoDB AUTO_INCREMENT=232 DEFAULT CHARSET=utf8;

/*Data for the table `s_role_resource` */

insert  into `s_role_resource`(`id`,`role_id`,`resource_id`) values (111,2,1),(112,2,8),(113,2,2),(114,2,12),(115,2,3),(116,2,17),(117,2,13),(118,2,11),(119,2,10),(120,2,9),(121,2,4),(122,2,5),(123,2,6),(124,2,21),(125,2,19),(126,2,20),(209,1,1),(210,1,2),(211,1,3),(212,1,4),(213,1,5),(214,1,6),(215,1,7),(216,1,8),(217,1,9),(218,1,10),(219,1,11),(220,1,12),(221,1,13),(222,1,17),(223,1,21),(224,1,22),(225,1,19),(226,1,20),(227,1,18),(228,1,25),(229,1,23),(230,1,24),(231,1,26);

/*Table structure for table `s_user` */

CREATE TABLE `s_user` (
  `user_id` int(11) NOT NULL AUTO_INCREMENT COMMENT '主键',
  `user_name` varchar(32) DEFAULT NULL COMMENT '用户名',
  `password` varchar(32) DEFAULT NULL COMMENT '密码',
  `email` varchar(32) DEFAULT NULL COMMENT '邮箱',
  `state` int(11) DEFAULT '0' COMMENT '状态：0正常 1：无效',
  `nick_name` varchar(32) DEFAULT NULL COMMENT '昵称',
  `create_time` datetime NOT NULL COMMENT '创建时间',
  `update_time` datetime NOT NULL COMMENT '更新时间',
  `age` int(11) DEFAULT '0' COMMENT '年龄',
  `sex` int(11) DEFAULT '0' COMMENT '性别',
  `mobile` varchar(32) DEFAULT NULL COMMENT '手机号码',
  `address` varchar(255) DEFAULT NULL COMMENT '地址',
  `serial_number` varchar(32) DEFAULT NULL COMMENT '用户编号',
  `id_card` varchar(32) DEFAULT NULL COMMENT '身份号码',
  PRIMARY KEY (`user_id`)
) ENGINE=InnoDB AUTO_INCREMENT=7 DEFAULT CHARSET=utf8;

/*Data for the table `s_user` */

insert  into `s_user`(`user_id`,`user_name`,`password`,`email`,`state`,`nick_name`,`create_time`,`update_time`,`age`,`sex`,`mobile`,`address`,`serial_number`,`id_card`) values (1,'admin','123456','466862016@qq.com',0,'超级管理员','2015-04-30 10:53:55','2015-04-20 10:33:03',0,0,'15910860051','河南省商丘市',NULL,NULL),(2,'dongtian','123456','248434199@qq.com',0,'24小时搞逗比','2015-04-30 10:54:12','2015-05-26 15:35:28',12,1,'15910860050','北京市朝阳区',NULL,NULL),(3,'guest','123456','1112@qq.com',0,'小刀会','2015-04-30 13:41:16','2015-04-30 13:41:16',0,0,'15910562201','henan',NULL,NULL),(4,'ftb001','123456','dddd@qq.com',1,'斧头帮','2015-04-30 15:13:22','2015-04-30 15:13:22',10,0,'13462798011','北京市朝阳区亚运村',NULL,NULL),(5,'jack','123456','4444@qq.cc',0,'冬天a','2015-05-11 15:24:41','2015-05-26 15:36:01',0,0,NULL,'',NULL,NULL),(6,'xiaochong','123456','555555@qq.ccc',0,'我是中国人','2015-05-12 14:28:28','2015-05-26 15:36:47',0,0,'13497654322','',NULL,NULL);

/*Table structure for table `s_user_role` */

CREATE TABLE `s_user_role` (
  `id` int(11) NOT NULL AUTO_INCREMENT,
  `user_id` int(11) DEFAULT NULL,
  `role_id` int(11) DEFAULT NULL,
  PRIMARY KEY (`id`),
  KEY `role_id` (`role_id`),
  KEY `s_user_role_fk` (`user_id`)
) ENGINE=InnoDB AUTO_INCREMENT=11 DEFAULT CHARSET=utf8;

/*Data for the table `s_user_role` */

insert  into `s_user_role`(`id`,`user_id`,`role_id`) values (4,4,1),(5,4,2),(6,3,2),(7,2,2),(8,5,2),(9,1,1),(10,1,2);

/*Table structure for table `t_article` */

CREATE TABLE `t_article` (
  `id` int(11) NOT NULL AUTO_INCREMENT,
  `title` varchar(128) DEFAULT NULL COMMENT '文章标题',
  `content` text COMMENT '文章内容',
  `state` int(11) DEFAULT '0' COMMENT '状态',
  `type` int(11) DEFAULT NULL COMMENT '文章类型',
  `image` varchar(255) DEFAULT NULL COMMENT '图片',
  `create_time` datetime DEFAULT NULL COMMENT '创建时间',
  `update_time` datetime DEFAULT NULL COMMENT '更新时间',
  `sort` int(11) DEFAULT NULL COMMENT '排序',
  `remark` varchar(128) DEFAULT NULL COMMENT '概述',
  `source` varchar(128) DEFAULT NULL COMMENT '来源',
  PRIMARY KEY (`id`)
) ENGINE=InnoDB AUTO_INCREMENT=22 DEFAULT CHARSET=utf8;

/*Data for the table `t_article` */

insert  into `t_article`(`id`,`title`,`content`,`state`,`type`,`image`,`create_time`,`update_time`,`sort`,`remark`,`source`) values (1,'抗日神剧再现奇葩桥段：裤裆藏雷','<p>\r\n	正在播映的抗日剧《一起打鬼子》就在你身后紧追不放看到没？百度的剧情梗概说的是：上世纪40年代初，河南遭受大旱，人称“马三爷”的河南女地主马\r\n秀芹（许晴饰演）利用半屏山前清时期开辟的暗河而拥有丰富的水源在精心播种下喜获丰收，自然引起了国、共、日三方面的注意，一场为粮食的斗争就此激烈展\r\n开。最终，一场蝗灾袭来，不仅拯救了大量灾民，也拯救了马秀芹，坚定了她跟共产党走的信心。当日军再次进攻，妄图抢夺粮食时，国共联手抗日保粮，取得了最\r\n后的胜利。\r\n</p>\r\n<p>\r\n	感觉没啥问题啊？直到网友发现并上传了这样的桥段：\r\n</p>\r\n<p>\r\n	翔嫂葛天扮演的“银妹”去看望被皇军关押折磨的爱人，然后情难自已，让爱人先摸自己的胸，然后再……\r\n</p>\r\n<p>\r\n	原来如此啊……是不是佩服的五体投地了？小编已经被这桥段紧紧抓住，刷剧去了~\r\n</p>',0,1,'/upload/2015/5/18/1431921560620.png','2015-05-15 18:10:34','2015-05-18 16:07:54',1,'手撕鬼子、时空穿越、石头砸飞机……抗日神剧的奇葩桥段已经让我们见怪不怪了。但是，神剧编剧会这样轻易放过你么？','观察者网'),(2,'叫板范爷？张馨予扮花仙子惨遭差评删博','<div align=\"center\">\r\n	<p>\r\n		<span style=\"color:#E53333;\"><img src=\"/pro/upload/2015/5/18/1431936609542.jpg\" alt=\"\" /></span>\r\n	</p>\r\n	<p>\r\n		<img src=\"/pro/upload/2015/5/18/1431936626086.jpg\" alt=\"\" />\r\n	</p>\r\n	<p align=\"left\">\r\n		<br />\r\n	</p>\r\n	<p>\r\n		<span style=\"font-size:16px;\">&nbsp;&nbsp;&nbsp;&nbsp;&nbsp;&nbsp;&nbsp;&nbsp;&nbsp; 据报道,女星张馨予日前穿着一袭红配绿东北棉袄风礼服现身戛纳红毯,衣着品味令人不敢恭维,更是在红毯礼服的比拼上输给了范冰冰,但张馨予似乎不甘示弱,网曝5月16日她又偷偷在微博上传了一张花仙子照来跟冰冰比美,只不过网友好像有些不买账。</span>\r\n	</p>\r\n	<p>\r\n		<span style=\"font-size:16px;\">&nbsp;&nbsp;&nbsp;&nbsp;&nbsp;&nbsp;&nbsp;&nbsp;&nbsp;&nbsp; 据报,5月16日张馨予她便在微博上传自己穿着花仙子装的照片,似乎是想跟范爷一较高下,岂料照片晒出不久就引来网友的差评,反讥她要有自知之明,让张馨予只能黯然删文。甚至有网友起底她过去与李晨交往的情史,毒舌称:“难怪李晨会选范冰冰,不要你。”</span>\r\n	</p>\r\n	<p>\r\n		<span style=\"font-size:16px;\">(原标题：张馨予扮花仙子惨遭差评删博)</span>\r\n	</p>\r\n<br />\r\n<span style=\"color:#E53333;\"></span>\r\n	<p>\r\n		<br />\r\n	</p>\r\n<span style=\"color:#E53333;\"></span>\r\n</div>',0,1,'/upload/2015/5/18/1431921284116.png','2015-05-18 11:54:55','2015-05-18 16:11:28',0,'叫板范爷？张馨予扮花仙子惨遭差评删博','金羊网-新快报'),(3,'中国南海休渔令遭越南抗议 越方称将不予理会','<p align=\"center\">\r\n	<img src=\"/pro/upload/2015/5/18/1431927013543.jpg\" alt=\"\" /> \r\n</p>\r\n<p>\r\n	&nbsp;<span style=\"font-size:14px;\">&nbsp;&nbsp;&nbsp;&nbsp;&nbsp;&nbsp;&nbsp;&nbsp;</span> <span style=\"font-size:14px;\">从5月16日12时起，南海进入为期两个半月的伏季休渔期。中国这一传统休渔令却在越南引起炸锅般反应。越南《青年报》17日报道称，越南方面已经就\r\n中国对南海(越南称“东海”)施行的本年度休渔令表示抗议，并称不会理会。厦门大学国际关系学院院长庄国土17日对《环球时报》说，休渔本身对保护南海渔\r\n业资源有利，越南政府有义务约束本国渔民，不要因为小纠纷破坏两国目前良好的氛围。</span> \r\n</p>\r\n<p>\r\n	<span style=\"font-size:14px;\">越南最大的新闻门户网站之一“越南每日快讯”报道称，今年的休渔令符合中国惯例，至8月1日结束。这一时间范围内，北纬12度以北至“闽粤海域交界\r\n线”的南海海域(含北部湾)，除单层刺网、钓业外，禁止其他所有作业类型生产。但越南外交部发言人黎海平16日在一份声明中说，休渔令违反了越南在西沙群\r\n岛(越南称“黄沙群岛”)的主权。他声称，“在我们看来这份休渔令是无效的”。</span> \r\n</p>\r\n<p>\r\n	<span style=\"font-size:14px;\">&nbsp;&nbsp;&nbsp;&nbsp;&nbsp;&nbsp;&nbsp;&nbsp; 中国在南海的伏季休渔政策从1999年就开始实施，中国和其他国家的渔船都在限制范围内。据中国官方消息，海南伏季休渔渔船达9000艘。中国方面\r\n称，休渔令是着眼于保护海上渔业资源，提高渔民的生态与环保意识。越南《青年报》援引一名美国分析家的话说，由于南海休渔期间，中国的渔政执法船艇将加大\r\n海上巡逻监管力度，这无疑会彰显中国对南海的主权。</span> \r\n</p>\r\n<p>\r\n	<span style=\"font-size:14px;\">&nbsp;&nbsp;&nbsp;&nbsp;&nbsp;&nbsp;&nbsp;&nbsp;&nbsp;&nbsp; </span><span style=\"font-size:14px;\">庄国土17日对《环球时报》说，从中国最开始发布南海休渔令，越南每年都会抗议。进入休渔范围海域的渔船都会受到管辖，而中越双方在南海管辖区域上有冲突，所以就带来渔业纠纷。但不只是中国，印尼、菲律宾等国海上执法部门也曾扣留过违反规定的越南渔船。</span> \r\n</p>\r\n<p>\r\n	<span style=\"font-size:14px;\">他说，越南领导人不久前访华，中越都不希望良好的气氛被破坏。中方将注意渔船相关动向，及时予以警告。这种柔性的做法，有利于中越相关争议降温，实现更好地管控争议。</span> \r\n</p>\r\n<p>\r\n	<br />\r\n</p>',0,1,'/upload/2015/5/18/1431926362046.png','2015-05-18 13:25:39','2015-05-18 13:38:15',0,'中国南海休渔令遭越南抗议 越方称将不予理会','中国广播网'),(4,'小花妹妹会走路啦！邓超发愁女儿难找男友','<p>\r\n	小花妹妹会走路啦\r\n</p>\r\n<p>\r\n	邓超和娘娘的女儿已经一岁啦!5月17日,邓超通过微博晒出一段小花妹妹会走路的视频,视频中,小花妹妹一步一步蹒跚向前,非常的温馨可爱。随后,逗比属性不改的邓超自己抢沙发,担心女儿以爸爸的标准以后很难找到男友,遭到网友的打趣。\r\n</p>\r\n<p>\r\n	5月17日18点27分,邓超通过微博上传女儿小花妹妹走路的视频,感叹道:“小花妹妹会走了,时间好快!”并一连作出大哭的表情。视频中,小花扎着冲天小编,白色斑点上衣,一步一步蹒跚走向前,非常的可爱,画面温馨。\r\n</p>\r\n<p>\r\n	而邓超仍不忘逗比本性,随即自己抢沙发,先是发愁她谈男朋友,“她谈男友怎么办?”接着又担心的称:“以爸爸的标准很担心她找不到男友。”此微博\r\n惹得网友纷纷留言打趣调侃,其中有网友称:“主要是想快点学会走路远离疯癫的爸爸。”也有网友称:“也就意味着你被赶出家门的日子越来越近了。更有网友\r\n称:“小花妹妹都会走了,你怎么还没长大?”(我是弥尔)\r\n</p>',0,1,'','2015-05-18 16:13:05','2015-05-18 16:13:05',0,'小花妹妹会走路啦！邓超发愁女儿难找男友','新浪娱乐'),(5,'刘亦菲晒骑单车美照清新自然 网友唤程铮','<div align=\"center\">\r\n	<p>\r\n		<img src=\"/pro/upload/2015/5/18/1431936880315.jpg\" alt=\"\" />\r\n	</p>\r\n	<p align=\"left\">\r\n		<br />\r\n	</p>\r\n	<p>\r\n		刘亦菲\r\n	</p>\r\n	<p>\r\n		5月17日,刘亦菲晒出一张骑着单车的照片。照片中,刘亦菲戴着墨镜,穿着休闲,气质清新自然。网友大呼:“女神就是近照远照都能驾驭。”“这是在和吴亦凡拍戏中吧?”“程铮学长呢!?快出来。”\r\n	</p>\r\n	<p>\r\n		<br />\r\n	</p>\r\n</div>',0,1,'','2015-05-18 16:15:07','2015-05-18 16:15:07',0,'刘亦菲晒骑单车美照清新自然 网友唤程铮','新浪娱乐'),(6,'冯绍峰倪妮分手 工作室同斥私生活被造谣','<div align=\"center\">\r\n	<p>\r\n		<img src=\"/pro/upload/2015/5/18/1431937043321.jpg\" alt=\"\" />\r\n	</p>\r\n	<p align=\"left\">\r\n		<br />\r\n	</p>\r\n	<p>\r\n		&nbsp;&nbsp;&nbsp;&nbsp;&nbsp;&nbsp;&nbsp;&nbsp;&nbsp;&nbsp; 倪妮工作室的声明\r\n	</p>\r\n	<p>\r\n		&nbsp;&nbsp;&nbsp;&nbsp; 5月17日,冯绍峰倪妮被曝三年情断分手,记者联系经纪人求证,对方表示冯绍峰倪妮确实和平分手。而在此后,有营销号以及部分媒体曝出了两人分手\r\n所谓的“理由”。17日晚,冯绍峰和倪妮工作室先后发表严正声明斥责了该谣言,表示两人的分手属和平分手,未有其他因素。希望大家善意祝福两位当事人,不\r\n要再侮辱毁谤他们。(新娱)\r\n	</p>\r\n	<p>\r\n		<br />\r\n	</p>\r\n</div>',0,2,'','2015-05-18 16:19:23','2015-05-18 16:19:23',0,'冯绍峰倪妮分手 工作室同斥私生活被造谣','新浪娱乐'),(7,'朝鲜首次回应“玄永哲被炮决”报道','<div align=\"center\">\r\n	<p>\r\n		<img src=\"/pro/upload/2015/5/18/1431938315731.jpg\" alt=\"\" />\r\n	</p>\r\n	<p align=\"center\">\r\n		玄永哲开会打盹照，左一为玄永哲\r\n	</p>\r\n	<p align=\"left\">\r\n		<br />\r\n	</p>\r\n	<p>\r\n		&nbsp;&nbsp;&nbsp;&nbsp;&nbsp; 韩联社17号报道说，朝鲜为纪念今年10月10号劳动党建党七十周年，已组建工作小组筹备阅兵仪式等纪念活动，并可能展示新型洲际导弹，和最近试射成功的潜射导弹等新型武器。\r\n	</p>\r\n	<p>\r\n		据悉，韩国国家情报院13号在国会情报委员会会议上，汇报了朝军二号人物、人民武力部部长玄永哲以叛国罪被处决的情报时，也汇报了朝鲜建党七十周年纪念活动的准备情况。韩方研判,朝方在阅兵式上，可能会公开洲际导弹和最近试射成功的潜射导弹等新型武器，\r\n	</p>\r\n	<p>\r\n		朝中社9号报道了领导人金正恩观看了战略潜艇成功进行弹道导弹水下试射，据报道，这次试射证明朝鲜潜艇发射的弹道导弹各项指标，完全达到最新军事科技要求。不过军事专家认为，朝鲜要超越水中发射，实现最终打击目标物的试射，还需要解决许多技术问题。\r\n	</p>\r\n	<p>\r\n		此外，也有观点认为，朝鲜在建党七十周年前后，将发射远程火箭，并有可能进行第四次核试验。\r\n	</p>\r\n	<p>\r\n		另外，朝鲜17号首次回应有关玄永哲被处决的报道。\r\n	</p>\r\n	<p>\r\n		朝鲜对韩宣传网站“我们民族之间”17日发表声明称，若韩方继续诽谤和冒犯朝鲜最高尊严的话，将用武力应对。\r\n	</p>\r\n	<p>\r\n		声明点名批评韩国总统朴槿惠对朝鲜人民武力部部长玄永哲被处决说朝鲜实施“恐怖统治”，并谴责韩国极右派媒体也提到“肃清政治”，煽动社情舆论。\r\n	</p>\r\n	<p>\r\n		声明称，“傀儡牌党”（指韩国）试图抹黑朝鲜最高尊严和朝鲜体制，这是极其恶劣的挑衅，朝鲜对此予以严厉谴责。朴槿惠牌党再度策划反共和国阴谋，其用意在把民众的目光转向朝鲜。韩方必须立刻停止自灭游戏，向朝鲜道歉。\r\n	</p>\r\n	<p>\r\n		韩国国家情报院有关负责人13日在国会情报委员会进行非公开工作汇报时表示朝军二号人物、人民武力部部长玄永哲近日以叛国罪被处决，金正恩执政后遭到处决的干部逐年增加，共计70余名。\r\n	</p>\r\n	<p>\r\n		<br />\r\n	</p>\r\n</div>',0,2,'','2015-05-18 16:40:02','2015-05-18 16:40:02',0,'朝鲜首次回应“玄永哲被炮决”报道','财经网'),(8,'卫国战争女英雄卓娅：青春卫国 英雄永生','<h1 align=\"center\">\r\n	<img src=\"/pro/upload/2015/5/18/1431938562116.jpg\" alt=\"\" />\r\n</h1>\r\n<p align=\"center\">\r\n	这是位于俄罗斯首都莫斯科西南彼得里谢沃村的卓娅纪念馆。\r\n</p>\r\n<p align=\"left\">\r\n	<br />\r\n</p>\r\n<p>\r\n	&nbsp;&nbsp;&nbsp;&nbsp;&nbsp;&nbsp;&nbsp;&nbsp;&nbsp; 1923年,卫国战争女英雄卓娅·科斯莫杰米扬斯卡娅出生在坦波夫州。经历幼年丧父后,卓娅和弟弟舒拉随母亲辗转来到莫斯科。1941年6月,德国\r\n对俄罗斯发动闪电战,秋冬时节逼近莫斯科。当人们撤离莫斯科时,卓娅选择留下并加入由优秀共青团员组成的苏军西部方面军游击队。11月下旬,卓娅和战友奉\r\n命前往被德军占领的彼得里谢沃烧掉德军房屋。完成部分任务后,她决定返回村中烧掉存放有德军器械和马匹的马厩。但是,她将汽油浇下还没来得及点火时被逮\r\n捕。挨过数小时拷打折磨后,卓娅于次日被德军绞死,牺牲时年仅18岁。\r\n</p>\r\n<p>\r\n	1942年2月,苏联最高苏维埃追认卓娅为英雄。她成为苏联卫国战争中第一位被授予英雄称号的女兵。苏联各地树立卓娅的雕像,用各种方式宣传她的英雄事迹。在中国,《卓娅和舒拉的故事》也影响整整一代人的成长。\r\n</p>\r\n<p>\r\n	<br />\r\n</p>',0,2,'','2015-05-18 16:43:54','2015-05-18 16:43:54',0,'卫国战争女英雄卓娅：青春卫国 英雄永生','军事'),(9,'关于我们','<div class=\"article-box\">\r\n	<p align=\"center\">\r\n		<strong>易物恒通（北京）国际投资股份有限公司（以下简称“易物天下”）是目前中国领先的B2B易物平台。</strong>\r\n	</p>\r\n	<p>\r\n		&nbsp;&nbsp;&nbsp;&nbsp;&nbsp; 易物天下由侯晶女士创立于2010年。从创立伊始，易物天下就坚持以用户体验为最高诉求，致力于创造便捷、高效、值得信赖的企业级以物易物网络\r\n平台。以物易物的模式源于远古时期，从山顶洞人时期的食物换衣物，到西汉时期的美誉中华海外的丝绸之路，以物易物自产生至今已经影响了人类几千年。如今，\r\n易物天下创新推出基于先进的互联网技术和IT技术的现代化易物网络平台。借助易物天下的平台，企业可以真正实现在线物品发布、管理、在线洽谈、下单交换等\r\n功能，从而实现易物清库，易物营销，易物变现、现金流节省和资产保值增值等目的。\r\n	</p>\r\n	<p>\r\n		<br />\r\n	</p>\r\n	<p class=\"b_title\">\r\n		为了帮助众多中小企业解决困扰企业发展的现金流周转困难、开发客户渠道受限、库存产品积压等问题，易物天下创新提出了打破传统经营方式的四大易物模式：\r\n	</p>\r\n	<div>\r\n		1)<b>“易物清库”</b>即清理库存，促进现金流快速周转；\r\n	</div>\r\n	<div>\r\n		2)<b>“易物采购”</b>即用自己的产品换成需要的产品，节省资金；\r\n	</div>\r\n	<div>\r\n		3)<b>“易物营销”</b>即当产品换出去的同时，商品接触了更多潜在客户，从而快速拓展市场；\r\n	</div>\r\n	<div>\r\n		4)<b>“易物投资”</b>即通过以物易物，达到资产增值。客户可以低成本甚至零成本快速的进行市场扩张，彻底解决企业经营中市场拓展渠道难，成本高等不利因素，为中小企业搭建一个低成本经营的资源平台，让更多的企业体验易物带来的非凡魅力，达到资产增值的目的。\r\n	</div>\r\n	<p>\r\n		易物天下作为区别于现金交易的平台优势显而易见，企业可以在平台上易出其库存滞销的产品，同时又能易入原本需要用现金采购的原材料等产品，从而解决了现金交易中难以解决的问题。作为现金交易方式的补充，它将起到越来越重要的作用。\r\n	</p>\r\n	<p>\r\n		易物天下独创的四大易物模式，线下在全国各地成功举办《易物天下总裁见面会》数千场，组成遍布全国的多元化营销网络体系；同时依托品牌魅力和互联网技术，开展网络平台服务，并积极完善易物服务体系，极大的促进了区域易物交易的增长，拓展了跨行业的经济往来。\r\n	</p>\r\n	<p>\r\n		易物天下通过“以物易物”的模式为客户实现资源整合，为中小企业提供完善的平台技术开发，技术提供服务。帮助众多中小企业，解决困扰企业发展的现金流周转困难、开发客户渠道受限、库存产品积压等问题。\r\n	</p>\r\n	<p>\r\n		2013年11月15日，易物天下正式启动试运营中国首个专业性易物网络平台——“易物天下网”（<a href=\"http://www.i1515.com\">www.i1515.com</a>），\r\n并取得7个《计算机软件著作权》，该网站集国内权威、专业、规范等特色于一体，将古老的以物易物模式嵌入了互联网技术，开始以一种崭新的姿态面世。易物天\r\n下积累了丰富的线下易物经验开发了大量的客户资源，现其对线上B2B平台的转型已全面启动。这也是易物天下网络平台的长远发展战略中重要的一环。易物天下\r\n正在申请国家高新技术认定。\r\n	</p>\r\n	<p>\r\n		易物天下网络平台拥有强大、专业的易物服务团队，完善的在线物品发布管理系统，采用易物网络平台模式、物联网技术来服务企业在线易物、采购、销售，有利于促进企业间通过该平台实现全国化的渠道增值、业务拓展以及销售增长。\r\n	</p>\r\n	<p>\r\n		易物天下网与银联合作，由银联开发网站支付端，银联但保资金安全，从而极大地保障了线上交易的安全，易物天下的服务逐渐被更多客户认可。\r\n	</p>\r\n	<p>\r\n		2013年易物天下进入井喷式发展阶段，截止到2013年11月30日，在全国各省市签约易物公司数量近200家。\r\n	</p>\r\n	<p>\r\n		2014年7月3日，公司完成股份改制，成立易物恒通（北京）国际投资股份有限公司。\r\n	</p>\r\n	<p>\r\n		<br />\r\n	</p>\r\n	<p>\r\n		目前，易物天下提出“科学发展，有效整合资源”的发展战略，努力把易物天下打造成国内领先的易物网络平台。随着智能手机、平板电脑等移\r\n动设备的普及，移动终端交易正呈现爆发式增长的势头，易物天下瞄准移动互联网发展的新形势，着力实现移动互联网对接、打通线上线下手机端，实现信息实时沟\r\n通，让客户可以多渠道管理运营，成为易物行业真正的赢家。\r\n	</p>\r\n	<p>\r\n		易物天下B2B+OTO商业模式，(OTO是“Online To \r\nOffline”的简写，即“线上到线下”)。易物天下融合了B2B商业模式，完善B2B+OTO模式，借力线下完善线上。利用先进的互联网平台技术、真\r\n正实现在线物品发布管理、在线洽谈下单交换、实现变现及易物于一体化经营的网络平台。\r\n	</p>\r\n	<p>\r\n		历经数年的发展，易物天下网累计注册用户数近百万。无论从其交易数据还是从其在国内同行业的影响力上来看，易物天下无疑已经走在中国易物贸易行业的前列，是一个名副其实的易物服务航母集群。\r\n	</p>\r\n	<p>\r\n		易物天下“让天下没有难卖的产品”经营理念已深入人心；中国商务部发布了《关于促进电子商务应用的实施意见》。易物天下将借助国家产业政策的大\r\n好形势，并借助上海自贸区政策和影响力，引领本土企业走出国门、走向世界！未来两年易物天下将迅猛发展，成为面向全球用户、拥有数百万家商铺、上亿种商品\r\n交易信息，年交易额数百亿的大型易物交易平台。\r\n	</p>\r\n	<p>\r\n		为了促进易物行业的发展，易物天下在全国的公司，纷纷设立了地区性易物行业协会和易物商会。易物天下正在筹办设立北京易物商会和全国性易物行业协会。\r\n	</p>\r\n<br />\r\n	<div class=\"ser_list\">\r\n		<h3 class=\"ser_tit\">\r\n			关于联盟合作事项的说明\r\n		</h3>\r\n		<p>\r\n			中国易物天下国际投资有限公司（以下简称“易物天下”）目前是中国易物行业唯一一家获得商务部特许经营权备案的企业，易物恒通（北京）国际投资有限公司是易物天下授权的运营商，拥有易物天下网（www.i1515.com），在全国范围内开展易物联盟招商经营活动。\r\n		</p>\r\n		<p>\r\n			易物天下的董事长侯晶女士创立易物天下后，公司持续经营，在拥有两个直营店的基础上，2013年初易物天下进入井喷式发展阶段，在全国各省市设立的专业易物公司（联盟合作商）数量分布在全国多个地级以上城市。\r\n		</p>\r\n		<p>\r\n			易物天下拥有易物天下品牌使用权，该品牌为关联公司世朋名人（北京）文化交流有限公司申请注册。世朋名人公司法定代表人侯敏，注册资本200万元，住所地北京市朝阳区东三环中路39号建外soho24号楼。该公司至今持续经营。易物天下的经营资源不涉及诉讼或仲裁。\r\n		</p>\r\n		<p>\r\n			易物天下网（www.i1515.com）是国内领先的在线物品交换、变现平台。是中国第一个采取银联担保措施的易物网络平台。\r\n		</p>\r\n		<p>\r\n			加入易物天下的联盟合作费项目有服务费、品牌及相关权利使用费、保证金。服务费：每年向交纳服务费。品牌及相关权利使用费（具体金额根据不同区域的经济发展水平、人口等因素有所不同）。\r\n		</p>\r\n		<p>\r\n			易物天下不需要联盟商购买任何产品、服务或设备。\r\n		</p>\r\n		<p>\r\n			易物天下对联盟商进行开业培训、其他不定期培训。培训的时间、地点、期限具体于每次培训之前发通知。易物天下每个月将向加盟商提供讲师培训、为期三天。\r\n		</p>\r\n		<p>\r\n			易物天下为联盟商提供持续服务。\r\n		</p>\r\n		<ul>\r\n			<li>\r\n				1.易物天下对加盟商的合作经营情况进行检查、督导和考核。\r\n			</li>\r\n			<li>\r\n				2. 提供有关经营模式、统一标准等有关的书面资料，对线下易物活动进行市场保护等。\r\n			</li>\r\n			<li>\r\n				3. 指导加盟商及其他终端客户所提供的产品统一展示。\r\n			</li>\r\n			<li>\r\n				4. 引导加盟商参加网上易物交易。\r\n			</li>\r\n			<li>\r\n				5. 建立与加盟商在全国范围内开拓市场的利益分割机制。\r\n			</li>\r\n			<li>\r\n				6. 制定限制加盟商在合同关系存续期间同业竞争机制。\r\n			</li>\r\n			<li>\r\n				7.维护甲方及易物天下平台形象、声誉和利益，对加盟商检查、督导、考核等。\r\n			</li>\r\n			<li>\r\n				8. 制定加盟商对外发布信息的要求和惩罚机制。\r\n			</li>\r\n			<li>\r\n				9. 建立加盟商交易产品合规性规则、产品信息发布规则。\r\n			</li>\r\n			<li>\r\n				10. 控制加盟商收费标准。\r\n			</li>\r\n			<li>\r\n				11. 建立加盟商退出机制。\r\n			</li>\r\n			<li>\r\n				12. 对加盟品牌进行严格的知识产权保护。\r\n			</li>\r\n			<li>\r\n				13. 建立易物商业模式、易物数据和客户信息保密制度并采取保密措施。\r\n			</li>\r\n			<li>\r\n				14. 制定并发布易物相关标准、规则。\r\n			</li>\r\n		</ul>\r\n		<p>\r\n			联盟商接受考核，按照合同约定承担责任。\r\n		</p>\r\n		<p>\r\n			易物天下作为经营平台，不对消费者投诉和赔偿承担连带责任。\r\n		</p>\r\n		<p>\r\n			易物天下城市联盟商的投资预算：\r\n		</p>\r\n		<p>\r\n			包括联盟合作费；培训费（暂无单项收费）；举例：房屋租金216000元（按 照200平方米，每平方米3元/日），装修费用6万元；设备、办公用品、家具等购置费6万元；水、电、气费2万元；为取得执照和其他政府批准所需的费用：无；启动周转资金15万元。\r\n		</p>\r\n		<p>\r\n			联盟商按照城市区域加盟，在约定区域内享有权利。\r\n		</p>\r\n		<p>\r\n			2012年易物天下运营平台经审计的净利润为490,728.50元，反映了平台成立之初投资搭建系统，重在投入；2013年1月开始通过联盟合作开始大幅度盈利。\r\n		</p>\r\n		<p>\r\n			易物天下最近5年内无与特许经营相关的重大诉讼和仲裁情况。\r\n		</p>\r\n		<p>\r\n			易物天下及其法定代表人无重大违法经营记录情况，重大违法经营记录。\r\n		</p>\r\n		<div class=\"text_cp\" align=\"right\">\r\n			中国易物天下国际投资有限公司<br />\r\n易物恒通（北京）国际投资有限公司<br />\r\n2013年1月\r\n		</div>\r\n	</div>\r\n	<div align=\"right\">\r\n		易物恒通（北京）国际投资股份有限公司\r\n	</div>\r\n	<div align=\"right\">\r\n		电话：400-688-3913\r\n	</div>\r\n	<div align=\"right\">\r\n		网址：<a href=\"http://www.i1515.com\">www.i1515.com</a>\r\n	</div>\r\n	<div align=\"right\">\r\n		公司地址：北京朝阳区酒仙桥路甲12号电子城科技大厦6层606-609室\r\n	</div>\r\n</div>',0,3,'','2015-05-20 10:29:10','2015-05-20 10:29:10',0,'关于我们','超级管理员'),(10,'诚聘英才','<div class=\"article-box\">\r\n	<div class=\"article_con\">\r\n		<p>\r\n			<strong><span style=\"color:#ff0000;\"><span style=\"font-size:large;\">客服部 电销专员6名</span></span></strong><br />\r\n<strong><span style=\"font-size:small;\">工作职责：</span></strong><br />\r\n<span style=\"font-size:x-small;\"><span style=\"font-size:small;\">1、通过电话与客服沟通，对网站待处理订单进行有效跟进；<br />\r\n2、不断挖掘潜在客观，完成公司制定的业绩要求；<br />\r\n3、协调与客户关系，及时向公司反馈相关信息。</span></span><br />\r\n<strong><span style=\"font-size:small;\">任职要求：</span></strong><br />\r\n<span style=\"font-size:small;\">1、有意愿从事电子商务销售工作优先；<br />\r\n2、具有较强的人际沟通能力，表达能力，适应能力和学习能力较强；<br />\r\n3、熟悉电子商务，尤其是有B2B网站经验优先；<br />\r\n4、有电话销售工作经验者优先。</span><br />\r\n<span style=\"font-size:small;\"><strong>工作时间及福利：</strong></span><span style=\"font-size:small;\">早九晚六，双休，节假日休息，节日礼品，浮动奖金等。</span>\r\n		</p>\r\n		<p>\r\n			&nbsp;\r\n		</p>\r\n		<p>\r\n			<strong><span style=\"color:#ff0000;\"><span style=\"font-size:large;\">客服部 网络客服6名</span></span></strong><br />\r\n<span style=\"font-size:small;\"><strong>工作职责</strong></span><br />\r\n<span style=\"font-size:small;\">1、为客户提供完整准确的方案及信息，解决客户问题，提供高质量服务； <br />\r\n2、回复电话咨询和网络咨询； <br />\r\n3、接受和网络订单，处理订单； <br />\r\n4、回访和维护客户，服务订单。 </span><br />\r\n<span style=\"font-size:small;\"><strong>任职资格</strong></span><br />\r\n<span style=\"font-size:small;\">1、有客服和电话销售经验优先，勤奋敬业、责任心强，思路清晰；<br />\r\n2、普通话标准，口齿伶俐，语言表达能力强，擅于沟通；<br />\r\n3、有耐心及责任心，身体健康，能够长期稳定的干好工作；电脑使用熟练，熟悉办公软件和网络工具。</span><br />\r\n<span style=\"font-size:small;\"><strong>工作时间及福利：</strong></span><span style=\"font-size:small;\">早九晚六，双休，节假日休息，节日礼品，浮动奖金等。</span>\r\n		</p>\r\n		<p>\r\n			<br />\r\n<span style=\"font-size:large;\"><br />\r\n<strong><span style=\"color:#ff0000;\">会务部 会议营销讲师20名</span></strong></span><br />\r\n<span style=\"font-size:small;\"><strong>岗位职责： </strong></span><br />\r\n<span style=\"font-size:small;\">1、按公司统一规定做好销讲内容准备；<br />\r\n2、面向不同地区、行业、身份的客户进行销讲内容调整，确保内容、市场、风格符合需求；<br />\r\n3、在推广工作中做好现场把控，敏锐判断客户投入状态，灵活调整销讲风格与内容；<br />\r\n4、向关键客户或合作商阐述项目内容与价值；<br />\r\n5、与业务和产品体系做好相互呼应、彼此支持、促动项目的现场成交；<br />\r\n6、可接受短期出差。</span><br />\r\n<span style=\"font-size:small;\"><strong>任职资格：</strong></span><br />\r\n<span style=\"font-size:small;\">1、市场营销相关专业，五年以上招商、营销、销售工作经验；<br />\r\n2、具备良好的气质、形象；<br />\r\n3、具备极强的沟通能力、良好的演讲能力；<br />\r\n4、富有激情，具有感染力；<br />\r\n5、思维敏捷，妥善处理现场出现的异常问题。</span><br />\r\n<span style=\"font-size:small;\"><strong>薪资待遇</strong>：</span><span style=\"font-size:small;\">基本工资+提成，根据个人能力月薪可达2W-20W。</span>\r\n		</p>\r\n		<p>\r\n			&nbsp;\r\n		</p>\r\n		<p>\r\n			<strong><span style=\"color:#ff0000;\"><span style=\"font-size:large;\">技术经理1名</span></span></strong><br />\r\n<span style=\"font-size:small;\"><strong>岗位职责</strong>：</span><br />\r\n<span style=\"font-size:small;\">1、负责公司网站的开发和制作，及后期运营维护；<br />\r\n2、负责公司服务器及计算机网络系统的管理和维护，并保障安全正常运行；<br />\r\n3、公司其他网络或软件产品的研发和设计；<br />\r\n4、完成上级交付的其它技术开发和网络管理任务。</span><br />\r\n<span style=\"font-size:small;\"><strong>任职要求</strong>：</span><br />\r\n<span style=\"font-size:small;\">1、本科及以上学历，计算机软件系统相关专业毕业，5年以上PHP编程经验，java开发2年经验；<br />\r\n2、有较强的团队协作意识和积极负责的工作态度，能独立完成任务，良好的表达与沟通能力，持续的学习能力；<br />\r\n3、具有独立开发能力，有大型企业网站或门户网站项目开发经验者优先；有商城系统开发经验者优先。</span>\r\n		</p>\r\n		<p>\r\n			&nbsp;\r\n		</p>\r\n		<p>\r\n			<strong><span style=\"color:#ff0000;\"><span style=\"font-size:large;\">技术部 Android开发工程师2名</span></span></strong><br />\r\n<strong><span style=\"font-size:small;\">职位描述:</span></strong><br />\r\n<span style=\"font-size:small;\">1可独立完成Android手机应用的开发； <br />\r\n2 可以独立设计程序架构，自己独立完成行业应用软件开发； <br />\r\n3 负责Android手机应用软件相关技术的调研、实现； &nbsp;<br />\r\n4 与UI设计团队配合，完成应用开发； <br />\r\n5 与测试团队配合，完成应用开发。 </span><br />\r\n<strong><span style=\"font-size:small;\">任职资格： </span></strong><br />\r\n<span style=\"font-size:small;\">1 本科以上学历，有2年以上的Android开发经验； <br />\r\n2 精通Android开发平台及框架原理，有Android移动产品开发经验者优先； <br />\r\n3 具有扎实的Java语言及数据结构基础，熟练使用Android SDK及相关开发工具； <br />\r\n4 精通Android界面开发，熟悉屏幕分辨率兼容和操作系统版本兼容原理。</span>\r\n		</p>\r\n		<p>\r\n			&nbsp;\r\n		</p>\r\n		<p>\r\n			<span style=\"color:#ff0000;\"><span style=\"font-size:large;\"><strong>技术部 ios高级开发工程师1名</strong></span></span><br />\r\n<span style=\"font-size:small;\">1、2年以上 iOS 开发工作经验，有独立开发能力；<br />\r\n2、 精通 Objective-C 语言，熟练使用 Xcode；<br />\r\n3、 熟练掌握 iOS SDK，熟悉常用第三方组件原理与使用方式；<br />\r\n4、 熟悉后台开发技术者优先；<br />\r\n5、有多个完整的IOS项目经验，有独立开发设计的能力，至少有一个完全独立开发的商业级应用；<br />\r\n6、熟悉各种主流手机特性，深刻理解手机客户端软件及服务端开发特点；<br />\r\n7、责任心强，具备良好的沟通能力和团队精神。</span>\r\n		</p>\r\n		<p>\r\n			&nbsp;\r\n		</p>\r\n		<p>\r\n			<strong><span style=\"color:#ff0000;\"><span style=\"font-size:large;\">手机测试工程师1名</span></span></strong><br />\r\n<strong><span style=\"font-size:small;\">岗位描述：</span> </strong><br />\r\n<span style=\"font-size:small;\">1、根据软件产品的开发需求编写测试计划，根据需求文档编写测试用例； <br />\r\n2、按时完成软件测试工作任务，执行测试，跟踪缺陷状态，提交测试执行报告 <br />\r\n3、配合开发人员解决工作中遇到的问题，并且对项目提出合理化建议 <br />\r\n4、负责在测试环节与研发人员、产品人员沟通以保证输入和输出的正确性和完备性。 </span><br />\r\n<strong><span style=\"font-size:small;\">岗位要求：</span> </strong><br />\r\n<span style=\"font-size:small;\">1、本科以上学历，计算机、电子信息相关专业，2年软件测试经验优先； <br />\r\n2、熟悉软件工程理论、测试和Bug管理流程； <br />\r\n3、能够编写测试计划和测试用例； <br />\r\n4、熟悉智能手机平台和手机应用程序测试方法； <br />\r\n5、有较强的逻辑分析能力、学习能力和动手能力； <br />\r\n6、工作踏实认真，有良好的团队合作精神，能承受工作压力； <br />\r\n7、责任心强，学习能力强，注重细节，有良好的逻辑思维能力，并具备良好的语言表达能力和文档编写能力；</span>\r\n		</p>\r\n	</div>\r\n</div>',0,4,'','2015-05-20 10:47:55','2015-05-20 10:47:55',0,'诚聘英才','系统管理员'),(11,'联系我们','<p>\r\n	<span style=\"color:#000000;\"><span style=\"font-size:large;\"><strong><span style=\"font-size:x-large;\">易物恒通（北京）国际投资股份有限公司</span></strong></span></span>\r\n</p>\r\n<p>\r\n	<span style=\"color:#000000;\"><span style=\"font-size:large;\"><strong><span style=\"font-size:x-large;\">&nbsp;</span></strong></span></span>\r\n</p>\r\n<p>\r\n	<span style=\"color:#000000;\"><span style=\"font-size:large;\"><strong></strong></span></span>\r\n</p>\r\n<p>\r\n	<span style=\"color:#000000;\"><span style=\"font-size:large;\"><strong></strong></span></span><span style=\"color:#000000;\"><span style=\"font-size:large;\"><strong><span style=\"font-size:x-large;\">电话：<span style=\"color:#ff0000;\">400-688-3913</span></span></strong></span></span>\r\n</p>\r\n<p>\r\n	<span style=\"color:#000000;\"><span style=\"font-size:large;\"><strong><span style=\"font-size:x-large;\"><span style=\"color:#ff0000;\">&nbsp;</span></span></strong></span></span>\r\n</p>\r\n<p>\r\n	<span style=\"color:#000000;\"><span style=\"font-size:large;\"><strong></strong></span></span>\r\n</p>\r\n<p>\r\n	<span style=\"color:#000000;\"><span style=\"font-size:large;\"><strong></strong></span></span><span style=\"color:#000000;\"><span style=\"font-size:large;\"><strong><span style=\"font-size:x-large;\"><span style=\"font-size:x-large;\">网址：</span><a href=\"http://www.i1515.com\"><span style=\"color:#0000ff;\"><span style=\"font-size:x-large;\">www.i1515.com</span></span></a></span></strong></span></span>\r\n</p>\r\n<p>\r\n	<span style=\"color:#000000;\"><span style=\"font-size:large;\"><strong><span style=\"font-size:x-large;\">&nbsp;</span></strong></span></span>\r\n</p>\r\n<p>\r\n	<span style=\"color:#000000;\"><span style=\"font-size:large;\"><strong></strong></span></span>\r\n</p>\r\n<p>\r\n	<span style=\"color:#000000;\"><span style=\"font-size:large;\"><strong></strong></span></span><span style=\"color:#000000;\"><span style=\"font-size:large;\"><strong><span style=\"font-size:x-large;\"><span style=\"font-size:large;\"><strong><span style=\"font-size:x-large;\">地址：北京市朝阳区酒仙桥路甲<span>12</span>号 电子城科技大厦<span>6</span>层 <span>606、609</span>室</span></strong></span></span></strong></span></span>\r\n</p>\r\n<p>\r\n	&nbsp;\r\n</p>',0,5,'','2015-05-20 11:03:58','2015-05-20 11:03:58',0,'联系我们','系统管理员'),(12,'凌晨男女赤裸上身马路上吵架被撞双亡','<div align=\"center\">\r\n	<p>\r\n		<img src=\"/pro/upload/2015/5/26/1432622073524.jpg\" alt=\"\" />\r\n	</p>\r\n	<p align=\"center\">\r\n		&nbsp;&nbsp;&nbsp;&nbsp;&nbsp;&nbsp;&nbsp;&nbsp;&nbsp; 东北网5月25日讯(记者 \r\n王忠岩)25日3时许,在哈尔滨市城乡路上菜库街路口附近,两人在行车道上被一辆轿车撞倒,两人当场身亡。据目击者介绍,3时许,一女一男两人突然从路旁\r\n一辆车上下来冲向路中间。\r\n	</p>\r\n	<p align=\"center\">\r\n		&nbsp;&nbsp;&nbsp;&nbsp; 此时一辆从机场路向市区方向行驶的轿车将两人撞倒。后经现场工作人员确认,两人当场身亡。\r\n	</p>\r\n	<p align=\"center\">\r\n		<img src=\"/pro/upload/2015/5/26/1432622097273.jpg\" alt=\"\" />\r\n	</p>\r\n	<p align=\"center\">\r\n		据目击者马先生介绍,事发时他先是听到一声巨响,然后看到一辆白色的丰田轿车停在道路中间,在车后方约20米远的路面上分别趴着一男一女,两人均赤裸着上\r\n身。\r\n	</p>\r\n	<p align=\"center\">\r\n		“当时丰田车的风挡玻璃破碎,左侧还有一个大洞,玻璃上有血迹,路旁还停着一辆白色奥迪Q3越野车,车门上也有血迹。”\r\n	</p>\r\n	<p align=\"center\">\r\n		<img src=\"/pro/upload/2015/5/26/1432622116528.jpg\" alt=\"\" />\r\n	</p>\r\n	<p align=\"center\">\r\n		马先生告诉记者,事故发生后,一男一女从丰田车上下来,当时两人的表情十分紧张,男的拨打了报警电话,随后120急救人员赶到现场。\r\n	</p>\r\n	<p align=\"center\">\r\n		据120随车医生梁英才介绍,急救人员赶到现场后发现,被撞的两人身上多处骨折,当场已经没有了生命体征。图为肇事车辆。\r\n	</p>\r\n	<p align=\"center\">\r\n		<img src=\"/pro/upload/2015/5/26/1432622125915.jpg\" alt=\"\" />\r\n	</p>\r\n	<p align=\"center\">\r\n		另有目击者称,路旁停放的奥迪越野车是被撞女子的,被撞前二人曾在车内发生争执,期间还动起了手,\r\n	</p>\r\n	<p align=\"center\">\r\n		后来两人又下车到路边撕扯,争执了一会后,这名女子突然往道路中间的位置跑去,男子紧追其后,被一辆车速较快的丰田车撞飞。图为肇事车辆。\r\n	</p>\r\n</div>',0,1,'','2015-05-26 14:37:30','2015-05-26 14:37:30',0,'东北网5月25日讯(记者 王忠岩)25日3时许,在哈尔滨市城乡路上菜库街路口附近,两人在行车道上被一辆轿车撞倒,两人当场身亡','东北网'),(13,'河南鲁山失火老年公寓房系易燃\"铁皮泡沫屋\"','<div align=\"center\">\r\n	<p>\r\n		<img src=\"/pro/upload/2015/5/26/1432622398357.jpg\" alt=\"\" height=\"303\" width=\"540\" />\r\n	</p>\r\n	<p>\r\n		26日凌晨，事故现场外聚集着大量救援人员董飞摄\r\n	</p>\r\n	<p>\r\n		<img src=\"/pro/upload/2015/5/26/1432622398438.jpg\" alt=\"\" />\r\n	</p>\r\n	<p>\r\n		燃烧后的老年公寓铁皮屋董飞摄\r\n	</p>\r\n	<p>\r\n		<img src=\"/pro/upload/2015/5/26/1432622398478.jpg\" alt=\"\" />\r\n	</p>\r\n	<p>\r\n		<br />\r\n	</p>\r\n	<p>\r\n		印有“幸福家园”的老年公寓，已是人去房空。董飞 摄\r\n	</p>\r\n	<p>\r\n		<br />\r\n	</p>\r\n	<p align=\"left\">\r\n		&nbsp;&nbsp;&nbsp;&nbsp;&nbsp;&nbsp; 中新网平顶山5月26日电 发生于25日晚间的河南鲁山康乐园老年公寓火灾事故，目前已造成38遇难、6人受伤。记者现场走访发现，出事的房屋均为“铁皮泡沫屋”。26日凌晨，事发地鲁山县所属的平顶山市委宣传部通报称，25日晚19时55分左右，鲁山县琴台办事处辖区康乐园老年公寓(民办)，一幢宿舍发生火灾。记者今晨在现场看到，大批的消防官兵在连夜搜救，数台挖掘机在清理现场。火点已被扑灭，现场一片废墟，只剩下乌黑的铁皮铁架。\r\n	</p>\r\n	<p align=\"left\">\r\n		记者另注意到，着火的房屋均为铁皮板房，这些铁皮屋墙体夹层多由泡沫板填充，俗称“铁皮泡沫屋”，易燃烧。大量被困老人家属在现场默默守候，除了挖掘机的作业声，午夜一片死寂。河南省安监局通报称，截至26日凌晨4时30分，抢险人员共抢救出44人，其中：38人死亡、4人轻伤、2人重伤，伤者已送医院救治。\r\n	</p>\r\n	<p align=\"left\">\r\n		&nbsp;&nbsp;&nbsp;&nbsp;&nbsp;&nbsp;&nbsp;&nbsp;&nbsp;&nbsp;&nbsp;&nbsp;&nbsp;&nbsp;&nbsp;&nbsp;&nbsp;&nbsp;&nbsp;&nbsp;&nbsp;&nbsp;&nbsp;&nbsp;&nbsp;&nbsp;&nbsp;&nbsp;&nbsp;&nbsp;&nbsp;&nbsp;&nbsp;&nbsp;&nbsp;&nbsp;&nbsp;&nbsp;&nbsp;&nbsp;&nbsp;&nbsp;&nbsp;&nbsp;&nbsp;&nbsp;&nbsp;&nbsp;&nbsp;&nbsp;&nbsp;&nbsp;&nbsp;&nbsp;&nbsp;&nbsp;&nbsp;&nbsp;&nbsp;&nbsp;&nbsp;&nbsp;&nbsp;&nbsp;&nbsp;&nbsp;&nbsp;&nbsp;&nbsp;&nbsp; &nbsp; &nbsp; &nbsp; &nbsp; &nbsp; &nbsp; &nbsp; &nbsp; &nbsp; &nbsp; &nbsp; &nbsp; <span style=\"font-size:18px;\">&nbsp; &nbsp;&nbsp;</span> <span style=\"font-size:18px;\">(原标题：河南鲁山失火老年公寓房系铁皮屋 已致38人遇难(图))</span>\r\n	</p>\r\n&nbsp;\r\n	<p>\r\n		<br />\r\n	</p>\r\n</div>',0,2,'','2015-05-26 14:42:56','2015-05-26 14:42:56',0,'河南鲁山失火老年公寓房系易燃\"铁皮泡沫屋\"','中国新闻网'),(14,'女子绝育后怀孕告医院 医院补偿1.3万余元','<br />\r\n<p>\r\n	&nbsp;&nbsp;&nbsp;&nbsp;&nbsp;&nbsp;&nbsp;&nbsp; 晨报讯 高高兴兴生完二胎并在医院做了绝育手术的范女士，未曾想一年多后竟又怀孕。这意外到来的小家伙非但没有带来喜悦，反而愁坏了一家人，范女士无奈将做绝育手术的医院告上了法庭要求赔偿。近日，松江法院受理此案，在法官主持调解下，医院最终补偿了范女士1.3万余元。\r\n</p>\r\n<p>\r\n	&nbsp;&nbsp;&nbsp;&nbsp;&nbsp;&nbsp; 两年多以前，已有一个儿子的范女士在松江某医院再度分娩一个女儿后，在医院做绝育手术。术后出院时，医院告知其手术顺利且康复良好。数月后，身感不适的范女\r\n士到医院就医，居然被告知已怀孕三个月，范女士和丈夫对这个小家伙的到来感到措手不及，更让他们头疼的是，当他们去医院做流产手术时，医生建议由于范女士\r\n身体的原因不能冒险进行流产手术。\r\n</p>\r\n<p>\r\n	&nbsp;&nbsp;&nbsp;&nbsp;&nbsp; 这让范女士一家深深犯愁，膝下已有一双儿女，这意外而来的老三意味着要面临大额的超生费用，而以后的养育\r\n更是加重了这个家的负担。范女士越想越觉得做绝育手术的医院应当为此负责，于是便找律师向医院发出了律师函，希望协商解决此事。医院认为只要是手术便有风\r\n险，医院的绝育手术是成功的，而范女士的情况属于个别情况，医院不可能为此负责和买单。范女士对医院不闻不问的态度感到愤怒，于是一纸诉状将其告上法院，\r\n要求赔偿生育费、超生费、精神损失费和在被告处手术期间医疗费等共计7万多元。\r\n</p>\r\n<p>\r\n	&nbsp;&nbsp;&nbsp;&nbsp;&nbsp; 法官主持双方进行了调解。对于原告范女士，在刚发现怀孕时，\r\n原告主张由于身体原因根据医生建议不能冒险流产。而当孩子已成形时，又念及感情不忍引产，导致超生孩子的诞生。这其中固然有客观原因不能不生，但也有主观\r\n因素，所以孩子的诞生不能全认定为医院的责任。况且，范女士主张的超生费是还未实际产生的费用，所以法院也不能全部支持。而对于被告医院，法官认为手术固\r\n然有风险和例外情况，但医院告知绝育手术成功且恢复良好，患者基于对医院的信任,认为自身不会再怀孕，但现在却又意外怀孕，这其中的因果关系是显而易见\r\n的，医院难逃其责。在法院对双方的劝说下，双方各让一步，最后医院愿意一次性补偿原告1.3万余元。\r\n</p>\r\n<p>\r\n	&nbsp;&nbsp;&nbsp;&nbsp;&nbsp;&nbsp;&nbsp; 本案是一个特殊的医疗损害责任纠纷，乍看上去医院并未对范女士造成实际损失，但范女士却要承担比实际损失更大的后果。在诉讼其间，范女士的第三胎还没生，\r\n所以其超生费用的诉求并未实际发生却能预见，所以在案件的调解过程中，法院已将可能产生的费用及应承担的相应责任均考虑在内，最终促成了两方的赔偿和解，\r\n并达成了就算以后产生实际超生费用将不再与医院有关的共识。\r\n</p>',0,2,'','2015-05-26 14:45:29','2015-05-26 14:45:29',0,'女子绝育后怀孕告医院 医院补偿1.3万余元','新闻晨报'),(15,'广东珠海“环球一号”国际酒店组织卖淫小姐面试分等级','<br />\r\n<p>\r\n	&nbsp;&nbsp; 近日,香洲区人民法院公开开庭审理一起15名被告参加的特大组织卖淫案,珠海“环球一号”国际酒店大肆聘请小姐并组织卖淫活动,并有严格的等级、价格、管理、分成制度。由于涉案人数众多,此案开庭整整一天,并将择日宣判。\r\n</p>\r\n<p>\r\n	会所玄机\r\n</p>\r\n<p>\r\n	“小姐”根据颜值身高确定价位，公诉机关指出,2013年3月,李某平出资筹建珠海市“环球一号”国际酒店,先后聘请李某胜、潘某新等15人,对酒店的客房和尊某会所两大块业务进行运营管\r\n理。会所成立之初就由酒店的李某平和其他高层人员商议,确定通过实施有偿陪侍和卖淫活动增加客人的消费和提高开房率,促进公司的业绩增长。\r\n</p>\r\n<p>\r\n	&nbsp;&nbsp; 为此,尊某会所开始大量招聘“妈咪”和“小姐”,并制定有偿接待和卖淫服务的等级、价格、管理、分成制度。在庭审中,据涉案人员称,“小姐”将根据颜值和身\r\n高,制定不同的价位,服务价格在400-800元不等。而管理方面,卖淫女上班时集中在一个房间中,“妈咪”手中有一张表,上面制定了卖淫女的出场次序,\r\n据此出场供客人挑选。\r\n</p>\r\n<p>\r\n	2014年8月2日凌晨,公安民警对涉案酒店的客房以及会所进行检查,在酒店的客房分别查获几个卖淫嫖娼的男女。随后\r\n两个月内,公安机关分别抓获被告人李某胜、潘某新等15名被告人。根据各个被告人在酒店、会所的职务,认为李某胜、潘某新、冯某、孟某岳、胡某波、寇某\r\n涛、邓某古等7人伙同他人组织卖淫,行为均构成组织卖淫罪;汤某、林某等8人具有协助组织他人卖淫的行为,应以协助组织他人卖淫罪追究其刑事责任。\r\n</p>\r\n<p>\r\n	被告人\r\n</p>\r\n<p>\r\n	客房和会所业务分开不构成卖淫针对公诉机关的指控,被告人李某胜在庭审现场中拒不认罪,称其只负责酒店的客房业务,并不负责会所的业务,其行为不构成组织卖淫罪。对会所的财务及会所内是否存有卖淫行为均不知情。\r\n</p>\r\n<p>\r\n	<br />\r\n</p>\r\n<p>\r\n	被告人潘某新当庭辩解,会所里三陪女的工作范围不包含卖淫行为,其没有组织卖淫活动,其行为不构成组织卖淫罪。\r\n</p>\r\n<p>\r\n	被告人冯某在庭审中表示,其于2014年5月底6月初到会所之后担任接待部副总经理,负责员工上班的秩序和KTV包房的相关工作事项,冯某对于三陪小姐卖淫的情况并不知情。\r\n</p>\r\n<p>\r\n	被告人孟某、胡某、邓某古等人的辩护律师对于公诉机关指控的被告人的罪名、定性也提出异议。其他被告人对事实及罪名均无异议。\r\n</p>\r\n<p>\r\n	公诉机关\r\n</p>\r\n<p>\r\n	&nbsp;&nbsp;&nbsp; 被告人各自工作都为卖淫展开针对被告人的供述及辩护律师的意见,公诉机关认为,尊某会所成立之初就由酒店的李某平和其他高层人员确定在会所内实施“小姐”有偿陪侍,并安排“妈咪”组织\r\n“小姐”从事卖淫活动,通过这样的形式刺激消费和增加开房率,促进公司利益和业绩增长。不能因为获取利益的途径与卖淫活动不是直接关系就否认酒店场所作为\r\n组织卖淫场所的确定。\r\n</p>\r\n<p>\r\n	公\r\n诉机关认为,会所和酒店客房都是隶属于涉案的“环球一号”酒店,由李某平创立并聘请李某胜、潘某新、冯某等人担任相关职务和工作安排,形成一整套自上而下\r\n的架构形态。其中李某平是投资人,其下是总经理李某胜,再下面是总经理助理孟某以及各部门负责人。李某胜作为总经理,对客房和会所实际管理和监督。会所有\r\n一整套的组织架构,被告人各自之间的工作都是为了促进卖淫行为的展开,刺激酒店和会所消费,攫取非法利益。\r\n</p>\r\n<p>\r\n	公诉机关认为,公司通过“妈咪”招聘卖淫女并进行管理。卖淫女应聘都要进行面试,确定等级后被组织参与卖淫活动。会所有专门的部门和人员参与管理,对卖淫女制定规章制度,有统一的财务管理。\r\n</p>\r\n<p>\r\n	据了解,由于该案涉案人数较多,案情复杂,庭审后法院将对此案择日宣判。对于酒店的出资人李某平已另案处理。(记者陈荷 通讯员黄蕴磊、黄妙姿、谭炜杰)\r\n</p>\r\n<p>\r\n	<br />\r\n</p>',0,2,'','2015-05-26 14:47:32','2015-05-26 14:47:32',0,'广东珠海“环球一号”国际酒店组织卖淫小姐面试分等级','羊城晚报-金羊网'),(16,'深圳一政法官员嫖娼40多次 埋单人忍无可忍将其举报','<div align=\"center\">\r\n	<p>\r\n		<img src=\"/pro/upload/2015/5/26/1432623012353.jpg\" alt=\"\" />\r\n	</p>\r\n	<p align=\"left\">\r\n		<br />\r\n	</p>\r\n	<p>\r\n		贪官怎么把自己“玩”进大牢?\r\n	</p>\r\n	<p>\r\n		反腐倡廉,向来都是公众关注的焦点。刚闭幕的深圳市第六次党代会上,市纪委发布近5年来反腐倡廉“成绩\r\n单”,表示将“用最坚决的态度减少腐败存量,最果断的措施遏制腐败增量”,引来一片点赞。上期咱们说到贪官受贿后怎样挥霍“买买买”,这期就来看看那些把\r\n自己“玩”进监狱的贪官们,业余时间都在玩些什么,最后怎样玩火自焚受严惩——\r\n	</p>\r\n	<p>\r\n		玩高尔夫:\r\n	</p>\r\n	<p>\r\n		老板200万现金送上门\r\n	</p>\r\n	<p>\r\n		官员热爱运动是好事,身体好才能更好地为人民服务嘛!可惜有些贪官自己运动也罢,还要别人来埋单。这下好,玩进了大牢!\r\n	</p>\r\n	<p>\r\n		2013年初,原深圳市南山区人大常委会党组成员、副主任韩江落马的消息刚一传出,就有熟悉他的人猜测,是不是栽在玩高尔夫上?\r\n	</p>\r\n	<p>\r\n		因\r\n为在日常生活中,韩江给人的印象是衣着朴实,不挑吃穿。但熟悉他的人都知道,韩江很喜欢打高尔夫球。2013年12月,韩江在深圳市中级法院受审。据查,\r\n韩江从南山区委到蛇口街道办事处任职后,认识了蛇口湾厦实业股份有限公司董事长莫某华及其子莫某超,对该公司开发的多个房地产工程项目都给予了关照。\r\n	</p>\r\n	<p>\r\n		2009年,韩江向莫某超提及:想办一个观澜湖高尔夫球会的会员证。莫某超心领神会,立即打电话约韩江在深圳湾体育馆旁边会面,送给韩200万元现金。随后,韩江来到观澜湖高尔夫球会,花185万为自己办了“黑金钻石会员卡”。\r\n	</p>\r\n	<p>\r\n		因收受贿赂逾600万元,韩江一审被法院判处有期徒刑12年,并处没收个人财产人民币20万元。\r\n	</p>\r\n	<p>\r\n		玩天下:\r\n	</p>\r\n	<p>\r\n		企业出资变相公款游7国\r\n	</p>\r\n	<p>\r\n		世界那么大,我想去看看!当然能不花钱看就更好。\r\n	</p>\r\n	<p>\r\n		退\r\n休后落马的深圳市规划国土委原副局级干部、征地拆迁办原主任刘新云,东窗事发于一起“官告官”。2010年5月,时任龙岗区法院民二庭庭长贾宇爆料:刘新\r\n云夫妇购买了振业城A座豪华别墅,不仅大搞违章建筑,其豪华别墅还存在开发商“半买半送”的腐败嫌疑。刘新云则指贾宇利用法官身份,想借助媒体敲诈“天价\r\n赔款”。\r\n	</p>\r\n	<p>\r\n		<br />\r\n	</p>\r\n	<p align=\"left\">\r\n		<br />\r\n	</p>\r\n	<p>\r\n		两人“互撕”之后,深圳市、龙岗区两级纪委介入调查,很快揪出了刘新云受贿的问题。后经法院查明,刘新云利用担任征地拆迁办主任的职务便利,分别收受他人贿赂港币100万元、人民币36万元。\r\n	</p>\r\n	<p>\r\n		其\r\n实早在多年前,刘新云“爱玩处长”的称号已大名远扬:2000年9月和11月,刘新云利用职务之便私下接受2家企业出资邀请出国,赴瑞士、瑞典、丹麦、芬\r\n兰、挪威、俄罗斯和日本旅游。因为此事,刘新云被予以党内严重警告处分和行政降级,其旅游花费企业的人民币7.22万元、港币3.4万元也予以追缴。事件\r\n传出后,他还被网友笑侃为“爱玩处长”。\r\n	</p>\r\n	<p>\r\n		再回首,世界那么大,可惜他只能在牢里看天了。\r\n	</p>\r\n	<p>\r\n		玩博彩:\r\n	</p>\r\n	<p>\r\n		截留千万巨款还赌债\r\n	</p>\r\n	<p>\r\n		有人喜欢旅游和运动,也有人喜欢赌博寻求刺激。\r\n	</p>\r\n	<p>\r\n		案\r\n发前,邓某生只是南山区西丽街道办计生科的一名计生专干。就是这么一个小小的芝麻官,也能利用负责征收社会管理抚养费的职务便利,通过截留抚养费不上缴、\r\n“偷梁换柱”作废票等手段,挪用、贪污社会抚养费达700万元之巨!2013年4月25日,邓某生在深圳市中级法院受审时承认大部分赃款用于赌博挥霍,而\r\n且完全无力退还赃款。\r\n	</p>\r\n	<p>\r\n		在深圳有不少贪官有赌博这一“爱好”,为赌博贪污、受贿、挪用公款的数额甚至以成百万上千万计。如原深圳市深建华实业有限公司计财部经理薛少辉,就因“买六合彩等地下博彩输了很多钱,大概欠债900万元”。\r\n	</p>\r\n	<p>\r\n		欠下巨额赌债后,他盯上了财政局本应拨付给自己公司的1429万元巨款,并利用国企改制之机趁乱截留领取款项通知书、隐瞒付款行为,然后伪造公章私吞巨款用于还赌债,其后又继续赌博,最后血本无归。\r\n	</p>\r\n	<p>\r\n		玩色情:\r\n	</p>\r\n	<p>\r\n		嫖娼40多次均叫人埋单\r\n	</p>\r\n	<p>\r\n		据媒体公开报道,深圳市政法委原副巡视员王合意落马前,曾多次前往东莞等地嫖娼,而且每次都拉人去为他埋单,前前后后约40余次。最后埋单人忍无可忍,将其举报。\r\n	</p>\r\n	<p>\r\n		和王合意是“同道中人”的贪官也不乏其人。如广东省纪委《广东党风》杂志披露的深圳市原副市长梁道行案细节,其中称梁“爱好喝酒,圈中外号‘铁托’,意指他杯不离手;热衷体育,乒乓球、足球、游泳等是他的强项;好色,喜欢带各式美女出入高尔夫球场,广为流传。”\r\n	</p>\r\n	<p>\r\n		去年闹得沸沸扬扬的“小三划破小四脸,情妇举报海关副处长”事件,深圳海关稽核处副处长黄洲洲也是因贪图美色而落马,2014年10月22日,深圳市人民检察院通报:黄洲洲涉嫌受贿被刑事拘留。(晶报 吴欣)\r\n	</p>\r\n	<p>\r\n		<br />\r\n	</p>\r\n</div>',0,2,'','2015-05-26 14:51:15','2015-05-26 14:51:15',0,'深圳一政法官员嫖娼40多次 埋单人忍无可忍将其举报','深圳新闻网'),(17,'国拍垄断沪牌照拍卖年入2亿 网络拥堵被指骗钱','<p>\r\n	“为什么我交了100元手续费，连个排队出价的资格也没有？”5月23日，刚拍完牌的上海王先生，忿忿地对21世纪经济报道记者说。\r\n</p>\r\n<p>\r\n	这是王先生第三次参与拍牌，与前几次一样，他在最后关头还是因为价格传输不出去，传输通道堵塞而导致拍牌未成。\r\n</p>\r\n<p>\r\n	根据上海国拍中心提供的数据，5月上海共投放7482张牌照，有15.6万人次参与拍牌，中标率仅为4.79%。\r\n</p>\r\n<p>\r\n	“如果我把价格输入以后，确实比别人慢或者出价没有别人合理，我心服口服。”王先生说，而现在则直接因为网络堵塞取消了他的竞拍资格。\r\n</p>\r\n<p>\r\n	上海律师协会公司法委员会副主任、汇业律师事务所合作人吴东则一针见血地指出：“这根本不是拍卖，拍卖公司收了拍卖费，却没有提供相应服务，这跟骗钱没什么两样，消费者可以向工商部门投诉，要求查处。”\r\n</p>\r\n<p>\r\n	不过，上海市交通委副处长黄晓勇在电话中告诉21世纪经济报道记者：“6月份上海将升级系统，解决通道拥堵问题。”\r\n</p>\r\n<p>\r\n	系统堵塞屡见不鲜\r\n</p>\r\n<p>\r\n	这是王先生第三次参与拍牌，令他郁闷的是，每次都是因为最后一刻价格输入不进去没有成功。\r\n</p>\r\n<p>\r\n	在最终的竞标价格传输过程中，出价系统显示：发送信息失败，请检查你的互联网连接是否正常，再重新提交。详细信息如下：“数据传输错误，请重试！”\r\n</p>\r\n<p>\r\n	价格传输不出去，是上海市民拍牌普遍遇到的问题。范先生告诉21世纪经济报道记者，他已经找了代拍公司，也是在最后一刻价格传不出去。而吴女士同样如此。连拍16个月的丁小姐告诉21世纪经济报道记者，她每次遇到的都是同样问题，在最后一刻，价格根本输不进去。\r\n</p>\r\n<p>\r\n	为什么大家都要挤在最后一刻输入价格，这与竞拍规则有关。\r\n</p>\r\n<p>\r\n	据21世纪经济报道记者了解，上海牌照拍卖的规则如下：10:30-10:30之间第一次出价，这个价格不能高于警示价，5月的警示价是75200元，也就是说，只能在75200元以下出价。但是，这个价格是毫无意义的，因为只代表你出价以后，才有资格进行下一轮的出价。\r\n</p>\r\n<p>\r\n	真正的竞价是从11:00到11:30之间的第二轮出价，这时候问题来了。在11:20之前，显示的最低中标价是在75800元之下，也就是说与之\r\n前的最低价非常接近，这时，你也能轻松出价，但是价格并不是由你定，而只能在最低价的基础上，上下浮动最多300元。也就是说，这20分钟之内，出价只能\r\n在75500至76100元之间。如果你这时输入价格，把自己的投标机会用完，很快就会被后面的高价覆盖，成为“炮灰”。\r\n</p>\r\n<p>\r\n	如果你此时设定的价格是79000元，而这个价格正好是本月的中标价，但是因为价格不在可投范围之内，系统根本不能接受。\r\n</p>\r\n<p>\r\n	于是，大家只有坚持到最后两三分钟才出手。而此时，由于十几万人同时投标，造成通道堵塞，价格根本输不进去了，绝大部分人，最终也因为价格无法输入而被动成为“炮灰”。\r\n</p>\r\n<p>\r\n	100元手续费没有得到对等服务。\r\n</p>\r\n<p>\r\n	“相当于拍卖公司组织我们来拍牌，我们也交了相应的手续费，而最终却连举牌的资格也没有。”吴东认为，从拍卖法本身来看，收了费用却没有提供服务，应该认定为无效，甚至要求拍卖公司承担违约责任。\r\n</p>\r\n<p>\r\n	国拍凭拍牌年入近两亿\r\n</p>\r\n<p>\r\n	实际上，因为每月私车牌照拍卖，上海国拍中心赚得钵满盆满。根据规定，参与拍牌每人每次不管是否拍中，都要交100元手续费，而最近一次共有超过15万人拍牌，当天，国拍中心入账的手续费就有1500万元。以此计算，一年12个月就是1.8亿元。\r\n</p>\r\n<p>\r\n	此外，消费者参与牌照拍卖，还要交2000元押金，15万人的押金就是3亿元左右，而押金可以连续拍六次牌，消费者在没有拍到牌之前，这笔押金一般都不会取出来，而3亿元按年化收益6%计算，国牌中心又能产生每年1800万利息。\r\n</p>\r\n<p>\r\n	手续费和押金两者相加，国拍中心因为拍牌项目收入，就高达近2亿元人民币。而两亿元销售收入，相当于一家创业板上市市值达200多亿元公司的年销售收入。\r\n</p>\r\n<p>\r\n	那么国拍提供的服务如何？在21世纪经济报道记者的采访中，几乎所有的采访对象，都对其不满，大多数的竞标者因为系统通道堵塞，无法提交拍牌价格导致失去竞标权利；国拍的系统，也多次出现故障。\r\n</p>\r\n<p>\r\n	去年5月26日，在单位牌照拍卖中，非营业性客车额度拍卖，因数据交互异常，而致使拍卖无效。6月21日，上海国拍公司曾发布公告：因系统数据交互异常，造成投标拍卖系统无法正常运行。而随着拍卖人数的增长，出价通道堵塞，更是成为大多数拍牌者的相同经历。\r\n</p>\r\n<p>\r\n	一位不愿透露姓名的政府机关人员认为：“关键的问题是，拍牌由国拍独家‘垄断’，消费者没有选择。如果多几家拍卖公司参与，消费者有了选择权，就会选择服务更好的，拍卖公司也能在竞争中提高服务质量。”\r\n</p>\r\n<p>\r\n	国拍“垄断”是历史遗留问题？\r\n</p>\r\n<p>\r\n	从1992年上海实施牌照拍卖开始，国拍就负责拍标。早期的投标，消费者将价格投到纸箱中，开箱统计，价高者得。此后随着投标人数增长就采用电脑程序进行投标。\r\n</p>\r\n<p>\r\n	虽\r\n然这套系统在拍牌过程中遇到各种问题，也在不断改进，不过系统的漏洞还是非常明显。一是牌照拍卖中的灰色产业链屡禁不止。以目前的规则为例，由于大家都集\r\n中到最后两分钟出价，实际上更多是拼网速和设备，导致了很多辅助软件、自动化拍卖软件，以及各类代牌黄牛的产生。二是真正需要牌照的消费者，很难通过正常\r\n的拍牌程序得到。\r\n</p>\r\n<p>\r\n	“这是为了IT而IT，伪互联网。”博泰集团与安瑞索思(中国)有限公司创始人应宜伦认为，因为这套系统在设计中存在容易\r\n被破解、被计算机控制的问题，导致普通老百姓连参与权都没有。而从专业IT公司的角度，他认为打开端口，使消费者人人有资格参与拍牌，并非难事，系统升级\r\n增加的成本也不多。\r\n</p>\r\n<p>\r\n	为什么国拍年收入近两亿元，系统升级却仍然跟不上。黄晓勇解释：“国拍之前一直在亏损中，之前拍牌项目一直依靠政府补贴，现在不用补贴了。”\r\n</p>\r\n<p>\r\n	不过，21世纪经济报道记者从政府内部人士处了解到，实际上，除了国拍，其他拍卖公司也曾希望能参与到上海私车牌照的拍卖中，不过，在三年前的招标中，再次被国拍中标。“我们对国拍有第三方审计。”黄晓勇称。\r\n</p>\r\n<p>\r\n	但他也表示，虽然下个月能做到所有参与竞拍的人员，都能将价格顺利输入，并能根据公开数据查询到排名，但仍不能解决十几万人挤在最后时刻拍牌的现状。在他看来，由于拍卖详情公开透明，所以已经算是公平公正。\r\n</p>\r\n<p>\r\n	对此，吴东并不赞成：“上海的牌照拍卖制度，实际上已经违反了拍卖法。”拍卖法规定，拍卖是以公开竞标的方式，将所有权转移给出价最高的一方，而现在的根本问题仍然没有解决。\r\n</p>\r\n<br />',0,2,'','2015-05-26 14:53:03','2015-05-26 14:53:03',0,'国拍垄断沪牌照拍卖年入2亿 网络拥堵被指骗钱','21世纪经济报道'),(18,'男子上完厕所被拽进小树林 被劫1500元\"如厕费\"','<p>\r\n	&nbsp;&nbsp;&nbsp;&nbsp;&nbsp; 刚在公共厕所解完手，合肥市民殷先生就被两名男子拽进小树林，其中一男子掏出水果刀让殷先生掏钱，称“上厕所没交费”。迫于淫威，殷先生不得已交出身上的1500元钱。\r\n</p>\r\n<p>\r\n	殷先生在淮河路步行街一家酒店当传菜员。 5月23日19时许，殷先生早早下班，从ATM取出1500元，想给女朋友买礼物。一时没想好买什么，时间又尚早，他就一人来到芜湖路包公园里闲逛。\r\n</p>\r\n<p>\r\n	20\r\n时许，他去公园内一处公共厕所方便。十多分钟后，殷先生刚出厕所，两名30岁左右的男子上前拽住他，“两人说有好事，要带我一起去附近的小树林‘商\r\n量’。”殷先生还没弄清楚怎么回事，就被两名男子生拉硬拽进了小树林。“其中一名20多岁的男子突然掏出一把水果刀，说我上厕所还没交费呢。”殷先生觉得\r\n很荒唐，“可对方用刀抵住我的腰，说不交钱就收拾我，再把我丢进河里。”迫于两人的淫威，殷先生有些害怕，只好交出刚取的1500元钱。“持刀男子接过\r\n钱，还让同伙掏了掏我的口袋，没再掏出钱，两人离开。”\r\n</p>\r\n<p>\r\n	殷先生犹豫了两个小时，才把遭抢劫的遭遇告诉女友并报案。目前，警方正在调查此事。\r\n</p>\r\n<br />',0,2,'','2015-05-26 14:55:05','2015-05-26 14:55:05',0,'男子上完厕所被拽进小树林 被劫1500元\"如厕费\"','中安在线'),(19,'四川大妈美国酒店内晾内衣触动火警被罚1万美元','<p>\r\n	&nbsp;&nbsp;&nbsp;&nbsp;&nbsp; 中国游客与华尔街铜牛合影总喜欢触摸。今年4月,曾有中国游客爬到了铜牛背上，被带到了当地警察局。\r\n</p>\r\n<p>\r\n	5月初，华西社区报记者休假时随旅行团前往美国旅游，到达洛杉矶入住酒店后，导游便告诉大家，不久前，一位四川大妈在该酒店里晒内衣触动火警被罚款3万元美元，希望大家引以为戒。而刊登有该则新闻的报纸，也被放在了酒店大厅醒目的位置。\r\n</p>\r\n<p>\r\n	在跟团旅游的半个月里，记者还目睹了同团大妈们的种种囧事。暑期即将来临，正是出国游旺季。旅行在外，要懂得入乡随俗，遵循各国的法律法规，比如意大利不许喂鸽子、德国不许在高速上停车、泰国不许光着上身开车等，别一不小心就违法了！\r\n</p>\r\n<p>\r\n	事件回顾：\r\n</p>\r\n<p>\r\n	晾衣服竟触动火警 房间“下起雨”\r\n</p>\r\n<p>\r\n	据了解，这位因晾衣触动火警的大妈姓陈，今年三月来到美国旅游。\r\n</p>\r\n<p>\r\n	当\r\n晚，入住非吸烟楼层房间的陈大妈把衣服洗了，想找个通风的地方晾衣，却发现窗户打不开。在房间里四处寻觅一番后，她找到了墙上不停闪烁发出微弱光线的凸起\r\n物——烟雾探测器。这个金属装置的后面是空调出风口，把衣服挂在上面第二天早上肯定能干。陈大妈便站上凳子将衣服挂上，而烟雾探测器闪烁的微弱光线却没有\r\n了，几片细小的玻璃碎片掉了下来，接着警报大作，金属装置喷了陈大妈一脸的水。房内其他火警喷头也开始工作，房间里下起了“大雨”。\r\n</p>\r\n<p>\r\n	陈大妈\r\n还没反应过来，便有酒店工作人员来敲门，带她到酒店外紧急避险。一会儿时间，酒店外站满了住客。几分钟后，消防车、救护车、警车全部到达现场。经过勘察，\r\n现场解除了警报，酒店恢复了正常，大家纷纷回到房间。而陈大妈的房间已完全浸泡在了水里，床、电视机、行李、地毯都湿透了。房间没法住，酒店当天也没有多\r\n的房间可供更换，陈大妈只好在大堂熬了一晚。\r\n</p>\r\n<p>\r\n	被索赔3万美元 最终赔付1万\r\n</p>\r\n<p>\r\n	第二天下午，酒店为闯祸的陈大妈开出了一张3万美元的赔偿单。原因是陈大妈将晾衣架挂在烟雾探测器上，导致探测器上的玻璃破碎。这块小玻璃相当于探测器的启动器，引发了酒店火警报警。\r\n</p>\r\n<p>\r\n	在这个账单上列出了消防施设、电器、家俱、床上用品、墙纸等需要赔偿的物品清单和酒店营业损失等，共计3万多美元。\r\n</p>\r\n<p>\r\n	陈大妈顿时傻了眼，没想到自己的无意之举会换来这么大的一笔罚款。经导游与酒店多次协商后，最终，让陈大妈赔付了一万多美元。酒店方表示，陈大妈入住的那间房子至少一个月内无法住人，地毯、家具都得更换。\r\n</p>\r\n<p>\r\n	国外旅行需注意：\r\n</p>\r\n<p>\r\n	车上接吻要罚款 嚼口香糖将受处罚\r\n</p>\r\n<p>\r\n	意\r\n大利：威尼斯人不希望他们心爱的建筑被鸽子粪点缀其间。当地政府也不欢迎在圣马可广场上喂鸽子的游客。如果是初犯，当局会警告一下；如果再犯被人抓住，就\r\n不得不面临高达 600 美元的罚款。在意大利城市 Eboli，当地法律规定在开动的车上接吻是会被处以最高 500 欧元的罚款的。\r\n</p>\r\n<p>\r\n	泰国：如果你赤裸上身驾驶汽车或摩托车被警察抓住的话，就必须吃罚单了。\r\n</p>\r\n<p>\r\n	新加坡：嚼口香糖、在广场上喂鸟、随地吐痰、不冲厕所都会让你受到处罚。\r\n</p>\r\n<p>\r\n	瑞士：在瑞士的公寓里，晚上10点以后使用抽水马桶竟然是违法的，而且男性在晚上10点之后站着小便也是不合法的。\r\n</p>\r\n<p>\r\n	大妈美国游囧事\r\n</p>\r\n<p>\r\n	记者此次出游，还目睹了团里不少大妈的囧事。\r\n</p>\r\n<p>\r\n	饭后当众洗假牙\r\n</p>\r\n<p>\r\n	当地时间5月4日，一桌10人正围坐吃团餐，吃完后大伙聊天时，一位来自眉山的年近七旬的大妈竟当众取出了嘴里的假牙，将其放在茶盅里清洗。\r\n</p>\r\n<p>\r\n	解决办法：可到卫生间清洗。\r\n</p>\r\n<p>\r\n	乘机自行换位置\r\n</p>\r\n<p>\r\n	5月9日，洛杉矶开往水牛城的飞机上。乘务员多次劝说未果的情况下，找来中国留学生用中文广播：“如果中国游客再不坐在自己的位置上，将被请下飞机。”起因是旅行团里一位来自邛崃的大妈要在飞机上换坐位，乘务员劝说了几次不听，造成后面的乘客无法入坐。\r\n</p>\r\n<p>\r\n	解决方法：飞机起飞后，安全带提示灯熄灭后再与邻坐调换，坐在了一起也不能大声喧哗。\r\n</p>\r\n<p>\r\n	不论是小孩还是艺术品都想摸一把\r\n</p>\r\n<p>\r\n	在旅游过程中，一些大妈看到外国小孩，总想去摸一下抱一下，几次都被导游制止了。导游十分严肃地告诉大家，如果外国人看到自己的小孩无故被陌生人抱走会报警。\r\n</p>\r\n<p>\r\n	此外，一些中国大妈和雕塑、艺术品合影时总是喜欢靠着或摸着。\r\n</p>\r\n<p>\r\n	解决方法：可以欣赏，但不能随便摸或倚靠。\r\n</p>\r\n<p>\r\n	导游说：文明出行，将注意事项放心上\r\n</p>\r\n<p>\r\n	朱\r\n正英，带中国团出国旅游10多年：很多团友一来到国外就抱怨东西不合味口，到处都不提供热水。作为导游，我们只能尽量安排适合大家的东西。但是，到了外\r\n国，希望大家能够入乡随俗，文明出行。每次出国上飞机前，我们都有一场开团说明会，大家要用心听，将注意事项放在心上。出行多一份文明，旅途多一份快乐。\r\n</p>\r\n<p>\r\n	大妈说：出行前做好攻略，了解当地民俗和禁忌\r\n</p>\r\n<p>\r\n	沙\r\n堰社区居民田友林，20年出国游15次：我认为在出国前国内接单的旅行社有义务为游客做一些适当的培训。如果事先就说好，出去之后就不会出那么些状况了。\r\n我自己外出前会在网上先做好攻略，了解当地民俗和禁忌。比如：到泰国不要摸小沙弥的头、到梵蒂冈参观要穿长裤、到新加坡最好不要吃口香糖等。\r\n</p>\r\n<br />',0,2,'','2015-05-26 14:56:28','2015-05-26 14:56:28',0,'四川大妈美国酒店内晾内衣触动火警被罚1万美元','四川在线-华西都市报'),(20,'非京籍儿童入学审查：办齐28个证才有初审资格','<p>\r\n	&nbsp;&nbsp;&nbsp;&nbsp; 非京籍学龄儿童入学审查即将开始，根据今年年初北京市发布的《北京市教育委员会关于2015年义务教育入学工作的意见》，非京籍儿童入学提供“五\r\n证”的政策基本不变，具体细则由各区县结合实际制定。在实际执行过程中，细则让“五证”延伸出了多达28个证件，让非京籍家长们有苦难言。近日，一封家长\r\n的来信讲述了她身边外来务工人员子女的上学故事。\r\n</p>\r\n<p>\r\n	又到了非京籍学龄儿童入学审查的季节了。2014年在北京的非京籍适龄入学孩子的家庭，需\r\n要办齐15个证件的苛刻审查制度已经让家长身心憔悴。来自家长们的经验分享和抱怨，让同样作为一个非京籍孩子家长的我知道孩子的入学是多么的困难，也让我\r\n周围今年有孩子入学的非京籍家长有了心理准备。但是，2015年的政策一出，我和很多孩子家长仍旧惊呆了，证件之多、难度之大超过往年——必须办齐28个\r\n证件才有接受初审的资格。\r\n</p>\r\n<p>\r\n	海淀中小学划分为17个学区\r\n</p>\r\n<p>\r\n	我所在社区的一个孩子家长杜姐，从2015年春节前就开始到处咨询，提前准备。但至今她还无法确定孩子是否可以在北京入学。这位家长为此几乎天天以泪洗面，她对我说：“这几天我泪腺发达，什么也没去想，眼泪就不自觉地掉下来。”\r\n</p>\r\n<p>\r\n	看着这些证件名称，我疑惑了，也更加担心了，再过几年，我的孩子也该入学了，我是否也会像今天的所有非京籍孩子家长一样。\r\n</p>\r\n<p>\r\n	北\r\n京市规定，非京籍儿童入学要求“五证”齐全，即适龄儿童少年父母或其他法定监护人本人在京务工就业证明、在京实际住所居住证明、全家户口簿、在京暂住证、\r\n户籍所在地街道办事处或乡镇人民政府出具的在当地没有监护条件的证明等。然而实际上，“五证”远不止5个证件，具体可以分为几大类，首先是父母身份证明证\r\n件，包括父母双方身份证、父母双方暂住证、全家户口本、儿童户籍所在地无人监护证明；其次是父母工作证明证件，包括父母双方劳动合同、社保权益记录、在职\r\n证明、双方所在单位营业执照、组织机构代码；第三是父母婚姻生育证件，包括结婚证、生育证、流动人口婚育证、孩子医学出生证明；第四是家庭在京住所证明，\r\n包括租房合同、房租完税证明、房租完税发票、居住期间的电费单据、水费单据、房东夫妻的身份证、房产证。若没有房产证，还需要村委会开的证明，加盖镇政府\r\n公章，并需要有村委会开具的居住证明。\r\n</p>\r\n<p>\r\n	<br />\r\n</p>\r\n<p>\r\n	细数之后就会发现，需要的证件多达28个！就在前不久，李克强总理还在批评“证明你妈是你妈”多么荒谬！然而眼下，许多家长们正在不停地奔波于证明\r\n“这个孩子真是我的孩子”、“我们这个二胎真的是交过罚款的”、“这个7岁的孩子真的已经7岁了”、“我们老家真的是没人来监护孩子了”……甚至有的孩子\r\n家长因为一方没有办齐证件而选择离婚，孩子划归办齐证件的家长一方。\r\n</p>\r\n<p>\r\n	九年义务教育规定了孩子们受教育的权利，现实却又在这个权利前面加上了\r\n28个限制条件。我感到困惑：适龄儿童的九年义务教育的权利跟父母是否有劳动合同、是否有缴纳社保、是否受聘于一个已经注册了的公司有关系吗？享受九年义\r\n务教育的权利跟父母是否领了结婚证、是否有婚育证，甚至跟妈妈是否遵守了计划生育政策有关吗？“父母双方所在单位的营业执照和组织机构代码证”，这无疑是\r\n在直接拒绝自谋职业父母的孩子吗？那些家长做家政的、建筑工地上干活的、摆摊卖水果的，难道这些家庭孩子的受教育权利就要因为这两个证件而失去吗？\r\n</p>\r\n<p>\r\n	孩子入学提交这些证件，是为了证明孩子有资格入学还是要将孩子拒之门外呢？\r\n</p>\r\n<p>\r\n	“五\r\n证”中有一项是在京住所证明，对于这项要求所有家长也能认可，毕竟孩子要正常学习生活，总是要有一个相对稳定的住所嘛！可是，具体要求完税证明、发票等种\r\n种文件着实把家长们折腾得够呛。我所居住的北京市昌平区冷泉镇，今年适龄孩子的家长为了一张缴税单，往返镇政府跑了8趟。镇政府每天只放100个号，我们\r\n社区的一位孩子家长在凌晨四点赶到镇政府时，发现前面已经排起了长长的队伍，一位家长对她说：“你先回去吧，今天肯定缴不了税了，今晚吃过晚饭来这里熬夜\r\n等吧。”\r\n</p>\r\n<p>\r\n	经过几个月的努力，杜姐终于办齐了28个证件，开始准备5月18日的初审。杜姐告诉我，有的地方初审通过率不足50%。如果幸运的\r\n话，初审通过后，她和孩子将迎来一批入户审核的官员——街道办、居委会、派出所、联防队、学校联合入户核审，主要问话对象是孩子。此前已有家长说，自己的\r\n孩子一见这阵势就不由自主地开始浑身发抖，因语无伦次而没有通过核审。所以，杜姐还有一项主要任务就是通过模拟训练让自己孩子学会对话。而且，由于入户审\r\n核不事先通知，初审通过后，杜姐就得从单位请长期假在家里等候。\r\n</p>\r\n<p>\r\n	《中华人民共和国九年义务教育法》第四条规定，“凡具有中华人民共和国国籍的适龄儿童、少年，不分性别、民族、种族、家庭财产状况、宗教信仰等，依\r\n法享有平等接受义务教育的权利，并履行接受义务教育的义务。”第十一条规定，“父母或者其他法定监护人在非户籍所在地工作或者居住的适龄儿童、少年，在其\r\n父母或者其他法定监护人工作或者居住地接受义务教育的，当地人民政府应当为其提供平等接受义务教育的条件。”既然有法律明文规定，为什么在现实中，孩子们\r\n上学却要如此多“条件”？\r\n</p>\r\n<p>\r\n	第\r\n一代进城打工者是我们的父辈，他们的一生献给了城市，而把我们留在了农村。上世纪80年代出生的我们饱受亲子分离之苦，所以现在，我不想再让自己的孩子遭\r\n受同样的痛苦。我们要跟自己的孩子在一起，让他们能够拥有跟父母在一起的童年！我想在生活、工作的地方为孩子挣得一片天，让他们可以自由地学习、生活。看\r\n着社区中那一个个为孩子入学而寝食难安、愁容满面的家长，我想问：我们的愿望很奢侈吗？要拿多少“证明”才能让我们的孩子上学？\r\n</p>\r\n<p>\r\n	编后语\r\n</p>\r\n<p>\r\n	从\r\n2008年以来，北京市对于外来务工人员子女入学的一系列政策被视为城市规模控制、人口管理的主要措施之一。由于子女入学门槛太高，许多进城务工人员为了\r\n子女教育不得不离开北京，还有一部分孩子不得不独自回到老家，成为“留守儿童”。中共十八届三中全会明确提出“严格控制特大城市人口规模”，但是正如这位\r\n来信的母亲所言，学龄儿童的受教育权利不应该因此而受侵犯。今年全国两会上，全国政协委员、海南改革发展研究院院长迟福林在接受本报记者采访时表示，一些\r\n特大城市管理者担心随迁子女教育问题的解决会形成“洼地”效应，与特大城市规模控制相悖。但他认为，子女教育和社会保障是对劳动力最基本的权益保障，控制\r\n人口规模不应该忽略为流动人口提供基本公共服务。无论置于中央简政放权的大政方针之下，还是着眼于法律赋予每一个孩子平等受教育的权利，28个证明的入学\r\n门槛值得重新审视。\r\n</p>\r\n<p>\r\n	<br />\r\n</p>\r\n<br />',0,2,'','2015-05-26 14:58:31','2015-05-26 14:58:31',0,'非京籍儿童入学审查：办齐28个证才有初审资格','新华网'),(21,'重庆：男子靠装病两年谈13个女友 骗了20多万','<h3>\r\n	原标题:两年耍了13个女朋友靠装病他骗了20多万\r\n</h3>\r\n<p>\r\n	<img src=\"/pro/upload/2015/5/26/1432623575170.jpg\" alt=\"\" />\r\n</p>\r\n<p>\r\n	<br />\r\n</p>\r\n<p>\r\n	聊天记录\r\n</p>\r\n<p>\r\n	身患绝症,\r\n</p>\r\n<p>\r\n	不仅是韩剧桥段,\r\n</p>\r\n<p>\r\n	也被骗子所利用。\r\n</p>\r\n<p>\r\n	选中目标伺机接近\r\n</p>\r\n<p>\r\n	我原本有家租赁公司,后来失火烧光了一切,无奈之下出来打工\r\n</p>\r\n<p>\r\n	借钱治病人间蒸发\r\n</p>\r\n<p>\r\n	我需要三千块钱化疗,发工资了转给你,谢谢老婆\r\n</p>\r\n<p>\r\n	编造身世死缠烂打\r\n</p>\r\n<p>\r\n	我患了肺癌,本不打算活了,可看到了你,我又有了活下去的动力\r\n</p>\r\n<p>\r\n	“你怎么不理我?”“你到底在哪里?”昨日上午,仍然有不少短信发到吴明的手机上,询问吴明的近况,可当民警电话联系发短信的几名女子,并告诉她们吴明借恋爱为名,骗了不少女性时,她们却都陷入了沉默,并拒绝来到派出所作证。\r\n</p>\r\n<p>\r\n	长\r\n沙男子同时交往17名女友的消息火遍了网络,而近日,九龙坡男子吴明也被发现了类似的情况——不仅同时与4名女子耍朋友,在成功获得对方的芳心后,他又以\r\n患了绝症需要钱治疗为名,骗取对方钱财。据吴明交待,从2013年至今,他已和13名女子交往,并骗走20余万元,但仅有5名被骗女性愿意出来作证。\r\n</p>\r\n<p>\r\n	借完钱失踪\r\n</p>\r\n<p>\r\n	女友报警发现他的真面目\r\n</p>\r\n<p>\r\n	“他说他得了肺癌,这辈子只要能和我在一起就够了,可后来拿着我的钱就不见了。”今年3月10日,家住九龙坡的女子李娅报警,称自己的男友吴明在借走了3万8千块钱后就人间蒸发了,无论用什么方法都联系不上。\r\n</p>\r\n<p>\r\n	“为\r\n了他,我工作都辞了,只想专心去照顾他。”李娅告诉民警,去年6月份,她和吴明通过微信相识,两人认识几天后,吴明便对其展开“攻势”,疯狂地追求李娅,\r\n二人很快走到了一起。“他说他患上重病,只要能和我在一起,这辈子就值了。”李娅称,交往一个月后,吴明说他患上了肺癌,需要钱治疗,并拿出诊断病例。随\r\n后,李娅将自己攒下的3万8千块钱交给吴明,让他拿去治病。\r\n</p>\r\n<p>\r\n	<br />\r\n</p>\r\n<p>\r\n	<br />\r\n</p>\r\n<p>\r\n	去年10月份,李娅突然发现吴明私下还和其他女子耍朋友,怒火中烧的李娅立即质问吴明,可吴明的解释却是“那只是普通朋友,你不相信我”。之后,便疏远了李娅。\r\n</p>\r\n<p>\r\n	“打他电话一直不接,根本不晓得他出了什么事。”今年3月初,已无法联系上吴明的李娅为了弄清情况,便打电话报了警。\r\n</p>\r\n<p>\r\n	随后,石桥铺派出所民警找到了吴明。令民警和李娅吃惊的是,自称时日不多的吴明,当时正在沙坪坝一酒店和另外一名年轻女子开房。“骗子,你这个大骗子!”愤怒中,李娅扭头冲出了酒店,留下沉默的吴明和一脸诧异的同行女子。\r\n</p>\r\n<p>\r\n	同时和4名女子耍朋友\r\n</p>\r\n<p>\r\n	他游刃有余\r\n</p>\r\n<p>\r\n	“我们认识没多久,我以为他是真心爱我。”和吴明同行的女子名叫赵敏,据赵敏介绍,她和吴明在同一个饭店打工。今年3月,两人正式确定了恋爱关系。\r\n</p>\r\n<p>\r\n	“他\r\n说他得了绝症,而我是他活下去的动力,如果我拒绝,他就没法活了。”得知真相后,赵敏一时无法相信自己的男友竟是这样的人。她告诉民警,吴明是去年12月\r\n份来到饭店打工的,当时两人并不认识。随着时间的推移,吴明的风趣幽默让赵敏十分心动。今年3月份,吴明告诉赵敏,自己是个孤儿,且患上了肺癌,原本想一\r\n死了之,但自从认识了赵敏后,他又燃起了生活的希望。\r\n</p>\r\n<p>\r\n	这一席感人肺腑的表白让赵敏晕头转向,瞬间就坠入了爱河。“我本以为遇见了真正的爱\r\n情,却没想到遇见了骗子。”赵敏称自己先后借给吴明7000多元钱,并将自己的工资卡交给其保管。经民警调查发现,吴明在其工作的饭店并不只有一个女友,\r\n服务员杨梅也是其女友之一,而杨梅丝毫不知道,自己刚交往几天的男友在饭店里还有其他女友,更不晓得其他几个“情敌”的存在。\r\n</p>\r\n<p>\r\n	“他说他原本有家汽车租赁公司,后来公司着火了,无奈之下他才来到饭店打工。”对杨梅来说,吴明编造的身世更加离谱。但和对待前几个女友的套路一样,吴明在和杨梅发生性关系后,告知杨梅自己身患绝症,并向其借钱。\r\n</p>\r\n<p>\r\n	随后,民警通过吴明的手机,又发现了吴明的另外一名女友王洋。当民警打电话告知王洋时,王洋也十分惊讶。“他的手机都是我给他买的,花了将近\r\n5000块钱,上个月我还打给他1400块钱。”和上述3名女子类似,王洋和吴明也刚刚认识,“他自称当过兵,胸口被子弹打穿过,时常会发病。”\r\n</p>\r\n<p>\r\n	两年耍了13个女友\r\n</p>\r\n<p>\r\n	累计骗了20余万\r\n</p>\r\n<p>\r\n	“是我太花心,但我对每一个人都是真爱。”刚开始,吴明面对民警的询问始终表示,自己是在用心谈恋爱,只不过是太花心,所以才交了这么多女友。当民警问起他是否身患绝症及向每个女友借钱的事情时,吴明无言以对。\r\n</p>\r\n<p>\r\n	“我\r\n没有患上绝症,那只是骗人的谎话。”据吴明交待,从2013年开始,他通过微信、QQ等方式共交往了13个女朋友,一共骗了20多万元。吴明还与其中一名\r\n女子结了婚,但在向其借钱后,过了一个月就离了婚,并断绝联系。“对每个女孩,都是靠死缠烂打和三句谎话。”吴明称,当自己锁定一个目标时,都会先告诉对\r\n方自己身患绝症或是身受重伤,已经时日无多,对方是自己活下去的动力,如果对方拒绝自己就会死去。“说了这些后她们都会感动,没遇见过例外。”这样的手\r\n段,吴明屡试不爽。\r\n</p>\r\n<p>\r\n	为了收集证据,民警将吴明的手机留下,尝试找到更多的受害者,直到昨天上午,仍有不少女子发短息到吴明的手机上,询问吴明的情况,可当民警打电话给对方,希望对方来派出所协助调查时,不少女子都拒绝了。\r\n</p>\r\n<p>\r\n	目前,警方正在进一步调查中,希望知情人士能够到石桥铺派出所,协助民警调查。\r\n</p>\r\n<p class=\"f_center\">\r\n	<img src=\"http://news.xinhuanet.com/legal/2015-05/26/127840812_14325927017621n.jpg\" />\r\n</p>\r\n<p>\r\n	<br />\r\n</p>\r\n<p>\r\n	<br />\r\n</p>',0,2,'','2015-05-26 15:00:56','2015-05-26 15:00:56',0,'重庆：男子靠装病两年谈13个女友 骗了20多万','重庆晨报');

/*Table structure for table `t_carousel` */

CREATE TABLE `t_carousel` (
  `id` int(11) NOT NULL AUTO_INCREMENT COMMENT '主键',
  `title` varchar(128) DEFAULT NULL COMMENT '标题',
  `state` int(11) DEFAULT '0' COMMENT '0:正常 1不可用',
  `des` varchar(255) DEFAULT NULL COMMENT '描述',
  `sort` int(11) DEFAULT '0' COMMENT '排序',
  `create_time` datetime DEFAULT NULL COMMENT '创建时间',
  `update_time` datetime DEFAULT NULL COMMENT '更新时间',
  `url` varchar(500) DEFAULT NULL COMMENT '链接url',
  `image_url` varchar(255) DEFAULT NULL COMMENT '链接图片地址',
  PRIMARY KEY (`id`)
) ENGINE=InnoDB AUTO_INCREMENT=4 DEFAULT CHARSET=utf8;

/*Data for the table `t_carousel` */

insert  into `t_carousel`(`id`,`title`,`state`,`des`,`sort`,`create_time`,`update_time`,`url`,`image_url`) values (1,'活动促销',0,'dsdddd',0,'2015-05-14 17:11:27','2015-05-15 16:27:46','/admin/ttt/xxxx','/upload/2015/5/15/1431678464536.jpg'),(2,'最新动态',0,'重庆：男子靠装病两年谈13个女友 骗了20多万',11,'2015-05-15 15:02:31','2015-05-26 15:02:11','/gdgdgfd','/upload/2015/5/15/1431678501016.jpg'),(3,'抱子上课教师获捐助',0,'ggoggggg',1,'2015-05-15 16:09:45','2015-05-15 16:28:03','点点滴滴','/upload/2015/5/15/1431678478295.jpg');

/*Table structure for table `t_product` */

CREATE TABLE `t_product` (
  `id` int(11) NOT NULL AUTO_INCREMENT COMMENT '主键',
  `title` varchar(32) DEFAULT NULL COMMENT '产品标题',
  `remark` varchar(255) DEFAULT NULL COMMENT '产品概述',
  `type` int(11) DEFAULT NULL COMMENT '产品类型 0:葡萄',
  `content` text COMMENT '产品内容描述',
  `state` int(11) DEFAULT '0' COMMENT '状态 0:正常 1:无效',
  `sort` int(11) DEFAULT '0' COMMENT '排序',
  `create_time` datetime DEFAULT NULL COMMENT '创建时间',
  `update_time` datetime DEFAULT NULL COMMENT '更新时间',
  `image` varchar(255) DEFAULT NULL COMMENT '产品展示图片',
  PRIMARY KEY (`id`)
) ENGINE=InnoDB AUTO_INCREMENT=3 DEFAULT CHARSET=utf8;

/*Data for the table `t_product` */

insert  into `t_product`(`id`,`title`,`remark`,`type`,`content`,`state`,`sort`,`create_time`,`update_time`,`image`) values (1,'红提葡萄','红提葡萄又名红地球，欧亚种。原产于美国加州，是由美国加利福尼亚州立大学研究人员于70年代进行杂交试验，培育而成的一个葡萄品种。自我国1987年引入该品种以来，华北及西北大部分地区栽培表现极好，果实品质优，晚熟，耐贮运，丰产，是发展葡萄的首选优质高效品种。目前来说，中国的产区主要分布在：陕西渭南，新疆，云南，甘肃，宁夏，黄河故道，昌黎，胶东半岛，江苏宝应，沈阳 。其中，三贤故里的渭南临渭区种植地，因红提葡萄品质好，面积大，最为有名。',1,'<p style=\"text-align:center;\">\r\n	&nbsp; &nbsp; &nbsp; &nbsp;&nbsp;<img src=\"/pro/upload/2015/5/20/1432101055958.jpg\" alt=\"\" /> \r\n</p>\r\n<p>\r\n	&nbsp; &nbsp; &nbsp; &nbsp; &nbsp; <span style=\"background-color:#E53333;\">&nbsp;红提葡萄</span>又名红地球，欧亚种。原产于美国加州，是由美国加利福尼亚州立大学研究人员于70年代进行杂交试验，培育而成的一个葡萄品种。自我国1987年引入该品种以来，华北及西北大部分地区栽培表现极好，果实品质优，晚熟，耐贮运，丰产，是发展葡萄的首选优质高效品种。目前来说，中国的产区主要分布在：陕西渭南，新疆，云南，甘肃，宁夏，黄河故道，昌黎，胶东半岛，江苏宝应，沈阳 。其中，三贤故里的渭南临渭区种植地，因红提葡萄品质好，面积大，最为有名。\r\n</p>',0,0,'2015-05-18 15:07:43','2015-05-20 13:58:38','/upload/2015/5/18/1431936254360.jpg'),(2,'巨峰葡萄','巨峰葡萄，属中熟类、四倍体品种，欧美杂交种，原产日本。大井上康于1937年用石原早生为母本，森田尼为父本杂交培育。1959年引入中国，并在全国各地大面积推广，成为深受果农欢迎的主栽品种。',1,'<p style=\"text-align:center;\">\r\n	&nbsp; &nbsp; &nbsp; <img src=\"/pro/upload/2015/5/20/1432101738411.jpg\" alt=\"\" />&nbsp;&nbsp;\r\n</p>\r\n<p style=\"text-align:center;\">\r\n	<span style=\"color:#E53333;\">&nbsp;巨峰葡萄是生</span>产中的主栽品种之一，适应性强，抗病、抗寒性能好，喜<a target=\"_blank\" href=\"http://baike.baidu.com/view/409269.htm\">肥水</a>。果实<a target=\"_blank\" href=\"http://baike.baidu.com/view/687508.htm\">穗</a>大，粒大，平均穗重400-600克，平均果粒重12克左右，最大可达20<a target=\"_blank\" href=\"http://baike.baidu.com/view/74027.htm\">克</a>。8月下旬成熟，成熟时<a target=\"_blank\" href=\"http://baike.baidu.com/view/9979667.htm\">紫黑色</a>，果皮厚，<a target=\"_blank\" href=\"http://baike.baidu.com/view/2060541.htm\">果粉</a>多，果肉较软，味甜、多汁，有<a target=\"_blank\" href=\"http://baike.baidu.com/view/3663.htm\">草莓</a>香味，皮、肉和种子易分离，含<a target=\"_blank\" href=\"http://baike.baidu.com/view/49321.htm\">糖</a>量16%。\r\n</p>\r\n巨峰葡萄败花严重，坐果率低，果穗松散，重摘心可以提高巨峰葡萄坐果率，增加<a target=\"_blank\" href=\"http://baike.baidu.com/view/1295893.htm\">产量</a>，改善<a target=\"_blank\" href=\"http://baike.baidu.com/view/223584.htm\">品质</a>。葡萄开花前7-10天，结果枝在<a target=\"_blank\" href=\"http://baike.baidu.com/view/146023.htm\">花穗</a>以上保留2-3张叶片、<a target=\"_blank\" href=\"http://baike.baidu.com/view/6262490.htm\">营养枝</a>保留5-6张叶片摘心，主蔓延长枝到立秋前后摘心。结果枝和营养枝除保留先端1个副梢外，其余副梢全部抹除。结果枝和营养枝先端的副梢长到一定长度时分别保留6-8张叶片和8-10张叶片<a target=\"_blank\" href=\"http://baike.baidu.com/view/186928.htm\">摘心</a>，其上发生的两次副梢和主蔓<a target=\"_blank\" href=\"http://baike.baidu.com/view/2479661.htm\">延长枝</a>的副梢均保留1张叶片反复摘心。在摘心和处理副梢的同时，根据负载量疏去多余果枝、营养枝和<a target=\"_blank\" href=\"http://baike.baidu.com/view/700518.htm\">果穗</a>，留下的果穗去掉穗尖的1/4至1/5，并去掉副穗',0,0,'2015-05-18 16:00:06','2015-05-20 14:06:19','/upload/2015/5/18/1431935978612.jpg');

/*Table structure for table `t_product_type` */

CREATE TABLE `t_product_type` (
  `id` int(11) NOT NULL AUTO_INCREMENT COMMENT '主键',
  `type_name` varchar(32) DEFAULT NULL COMMENT '产品类型名称',
  `create_time` datetime DEFAULT NULL COMMENT '创建时间',
  `update_time` datetime DEFAULT NULL COMMENT '更新时间',
  `state` int(11) DEFAULT '0' COMMENT '0:可用 1:不可用',
  PRIMARY KEY (`id`)
) ENGINE=InnoDB AUTO_INCREMENT=7 DEFAULT CHARSET=utf8;

/*Data for the table `t_product_type` */

insert  into `t_product_type`(`id`,`type_name`,`create_time`,`update_time`,`state`) values (1,'葡萄','2015-05-18 15:28:42','2015-05-18 15:28:44',0),(2,'桃','2015-05-18 15:28:53','2015-05-18 15:28:55',0),(3,'杏','2015-05-18 15:29:07','2015-05-18 15:29:09',0),(4,'苹果','2015-05-18 15:29:11','2015-05-18 15:29:13',0),(5,'樱桃','2015-05-18 15:29:23','2015-05-18 15:29:25',0),(6,'梨','2015-05-18 15:29:35','2015-05-18 15:29:36',0);

/*!40101 SET SQL_MODE=@OLD_SQL_MODE */;
/*!40014 SET UNIQUE_CHECKS=@OLD_UNIQUE_CHECKS */;
/*!40111 SET SQL_NOTES=@OLD_SQL_NOTES */;
